,stk_flow,rawmat,partner,unit,geo,TIME_PERIOD,OBS_VALUE
300,EXP,GLAS,TN,T,DE,2009,22.0
301,EXP,GLAS,TN,T,EU27_2020,2009,22.0
972,EXP,MIN,TN,T,BE,2009,597.0
973,EXP,MIN,TN,T,EU27_2020,2009,1164.0
974,EXP,MIN,TN,T,FR,2009,265.0
975,EXP,MIN,TN,T,IE,2009,0.0
976,EXP,MIN,TN,T,NL,2009,302.0
2616,EXP,MT,TN,T,BE,2009,84.0
2617,EXP,MT,TN,T,DE,2009,1729.0
2618,EXP,MT,TN,T,EU27_2020,2009,2064.0
2619,EXP,MT,TN,T,FR,2009,192.0
2620,EXP,MT,TN,T,IT,2009,41.0
2621,EXP,MT,TN,T,NL,2009,18.0
4062,EXP,MT_FER,TN,T,BE,2009,36.0
4063,EXP,MT_FER,TN,T,DE,2009,1585.0
4064,EXP,MT_FER,TN,T,EU27_2020,2009,1644.0
4065,EXP,MT_FER,TN,T,FR,2009,3.0
4066,EXP,MT_FER,TN,T,IT,2009,21.0
5464,EXP,MT_NFER,TN,T,BE,2009,48.0
5465,EXP,MT_NFER,TN,T,DE,2009,145.0
5466,EXP,MT_NFER,TN,T,EU27_2020,2009,420.0
5467,EXP,MT_NFER,TN,T,FR,2009,189.0
5468,EXP,MT_NFER,TN,T,IT,2009,20.0
5469,EXP,MT_NFER,TN,T,NL,2009,18.0
6544,EXP,MT_NFER_CAN,TN,T,DE,2009,145.0
6545,EXP,MT_NFER_CAN,TN,T,EU27_2020,2009,339.0
6546,EXP,MT_NFER_CAN,TN,T,FR,2009,175.0
6547,EXP,MT_NFER_CAN,TN,T,IT,2009,20.0
7574,EXP,MT_NFER_OTH,TN,T,BE,2009,48.0
7575,EXP,MT_NFER_OTH,TN,T,DE,2009,0.0
7576,EXP,MT_NFER_OTH,TN,T,EU27_2020,2009,81.0
7577,EXP,MT_NFER_OTH,TN,T,FR,2009,14.0
7578,EXP,MT_NFER_OTH,TN,T,IT,2009,0.0
7579,EXP,MT_NFER_OTH,TN,T,NL,2009,18.0
8870,EXP,NSP,TN,T,BE,2009,0.0
8871,EXP,NSP,TN,T,DE,2009,0.0
8872,EXP,NSP,TN,T,ES,2009,5.0
8873,EXP,NSP,TN,T,EU27_2020,2009,43.0
8874,EXP,NSP,TN,T,FR,2009,27.0
8875,EXP,NSP,TN,T,IT,2009,11.0
9618,EXP,ORG,TN,T,BE,2009,65.0
9619,EXP,ORG,TN,T,ES,2009,14.0
9620,EXP,ORG,TN,T,EU27_2020,2009,79.0
9621,EXP,ORG,TN,T,FR,2009,0.0
10154,EXP,ORG_ANI,TN,T,BE,2009,0.0
10155,EXP,ORG_ANI,TN,T,EU27_2020,2009,0.0
10742,EXP,ORG_VEG,TN,T,BE,2009,65.0
10743,EXP,ORG_VEG,TN,T,ES,2009,14.0
10744,EXP,ORG_VEG,TN,T,EU27_2020,2009,79.0
10745,EXP,ORG_VEG,TN,T,FR,2009,0.0
11930,EXP,PAPER,TN,T,BE,2009,95.0
11931,EXP,PAPER,TN,T,DE,2009,114.0
11932,EXP,PAPER,TN,T,DK,2009,21.0
11933,EXP,PAPER,TN,T,ES,2009,4188.0
11934,EXP,PAPER,TN,T,EU27_2020,2009,4451.0
11935,EXP,PAPER,TN,T,FR,2009,34.0
13184,EXP,PLAST,TN,T,ES,2009,94.0
13185,EXP,PLAST,TN,T,EU27_2020,2009,342.0
13186,EXP,PLAST,TN,T,FR,2009,227.0
13187,EXP,PLAST,TN,T,IT,2009,21.0
15472,EXP,PLAST_RUB,TN,T,DE,2009,44.0
15473,EXP,PLAST_RUB,TN,T,ES,2009,411.0
15474,EXP,PLAST_RUB,TN,T,EU27_2020,2009,1662.0
15475,EXP,PLAST_RUB,TN,T,FR,2009,788.0
15476,EXP,PLAST_RUB,TN,T,IT,2009,405.0
15477,EXP,PLAST_RUB,TN,T,NL,2009,15.0
17476,EXP,RUB,TN,T,DE,2009,44.0
17477,EXP,RUB,TN,T,ES,2009,317.0
17478,EXP,RUB,TN,T,EU27_2020,2009,1320.0
17479,EXP,RUB,TN,T,FR,2009,561.0
17480,EXP,RUB,TN,T,IT,2009,384.0
17481,EXP,RUB,TN,T,NL,2009,15.0
20962,EXP,TEXT,TN,T,AT,2009,481.0
20963,EXP,TEXT,TN,T,BE,2009,9034.0
20964,EXP,TEXT,TN,T,BG,2009,104.0
20965,EXP,TEXT,TN,T,CZ,2009,0.0
20966,EXP,TEXT,TN,T,DE,2009,23291.0
20967,EXP,TEXT,TN,T,ES,2009,594.0
20968,EXP,TEXT,TN,T,EU27_2020,2009,115458.0
20969,EXP,TEXT,TN,T,FI,2009,0.0
20970,EXP,TEXT,TN,T,FR,2009,15812.0
20971,EXP,TEXT,TN,T,HU,2009,0.0
20972,EXP,TEXT,TN,T,IE,2009,2.0
20973,EXP,TEXT,TN,T,IT,2009,59822.0
20974,EXP,TEXT,TN,T,NL,2009,3510.0
20975,EXP,TEXT,TN,T,PL,2009,158.0
20976,EXP,TEXT,TN,T,PT,2009,2080.0
20977,EXP,TEXT,TN,T,SE,2009,533.0
20978,EXP,TEXT,TN,T,SI,2009,35.0
22678,EXP,TEXT_NTL,TN,T,AT,2009,24.0
22679,EXP,TEXT_NTL,TN,T,BE,2009,85.0
22680,EXP,TEXT_NTL,TN,T,CZ,2009,0.0
22681,EXP,TEXT_NTL,TN,T,DE,2009,38.0
22682,EXP,TEXT_NTL,TN,T,ES,2009,68.0
22683,EXP,TEXT_NTL,TN,T,EU27_2020,2009,7649.0
22684,EXP,TEXT_NTL,TN,T,FR,2009,1789.0
22685,EXP,TEXT_NTL,TN,T,IT,2009,5645.0
25940,EXP,TEXT_SYN,TN,T,AT,2009,458.0
25941,EXP,TEXT_SYN,TN,T,BE,2009,8949.0
25942,EXP,TEXT_SYN,TN,T,BG,2009,104.0
25943,EXP,TEXT_SYN,TN,T,DE,2009,23253.0
25944,EXP,TEXT_SYN,TN,T,ES,2009,526.0
25945,EXP,TEXT_SYN,TN,T,EU27_2020,2009,107809.0
25946,EXP,TEXT_SYN,TN,T,FI,2009,0.0
25947,EXP,TEXT_SYN,TN,T,FR,2009,14023.0
25948,EXP,TEXT_SYN,TN,T,HU,2009,0.0
25949,EXP,TEXT_SYN,TN,T,IE,2009,2.0
25950,EXP,TEXT_SYN,TN,T,IT,2009,54178.0
25951,EXP,TEXT_SYN,TN,T,NL,2009,3510.0
25952,EXP,TEXT_SYN,TN,T,PL,2009,158.0
25953,EXP,TEXT_SYN,TN,T,PT,2009,2080.0
25954,EXP,TEXT_SYN,TN,T,SE,2009,533.0
25955,EXP,TEXT_SYN,TN,T,SI,2009,35.0
30414,EXP,TOTAL,TN,T,AT,2009,481.0
30415,EXP,TOTAL,TN,T,BE,2009,9875.0
30416,EXP,TOTAL,TN,T,BG,2009,104.0
30417,EXP,TOTAL,TN,T,CZ,2009,0.0
30418,EXP,TOTAL,TN,T,DE,2009,25200.0
30419,EXP,TOTAL,TN,T,DK,2009,21.0
30420,EXP,TOTAL,TN,T,ES,2009,5212.0
30421,EXP,TOTAL,TN,T,EU27_2020,2009,124948.0
30422,EXP,TOTAL,TN,T,FI,2009,0.0
30423,EXP,TOTAL,TN,T,FR,2009,17122.0
30424,EXP,TOTAL,TN,T,HU,2009,0.0
30425,EXP,TOTAL,TN,T,IE,2009,2.0
30426,EXP,TOTAL,TN,T,IT,2009,60279.0
30427,EXP,TOTAL,TN,T,NL,2009,3845.0
30428,EXP,TOTAL,TN,T,PL,2009,158.0
30429,EXP,TOTAL,TN,T,PT,2009,2080.0
30430,EXP,TOTAL,TN,T,SE,2009,533.0
30431,EXP,TOTAL,TN,T,SI,2009,35.0
31880,EXP,WD,TN,T,EU27_2020,2009,5.0
31881,EXP,WD,TN,T,FR,2009,5.0
56070,EXP,GLAS,TN,T,DE,2013,0.0
56071,EXP,GLAS,TN,T,EU27_2020,2013,3545.0
56072,EXP,GLAS,TN,T,FR,2013,3544.0
56816,EXP,MIN,TN,T,BE,2013,38.0
56817,EXP,MIN,TN,T,EU27_2020,2013,288.0
56818,EXP,MIN,TN,T,FR,2013,250.0
58450,EXP,MT,TN,T,BE,2013,2.0
58451,EXP,MT,TN,T,EU27_2020,2013,219.0
58452,EXP,MT,TN,T,FR,2013,129.0
58453,EXP,MT,TN,T,IT,2013,78.0
58454,EXP,MT,TN,T,NL,2013,10.0
59662,EXP,MT_FER,TN,T,EU27_2020,2013,79.0
59663,EXP,MT_FER,TN,T,FR,2013,3.0
59664,EXP,MT_FER,TN,T,IT,2013,76.0
61194,EXP,MT_NFER,TN,T,BE,2013,2.0
61195,EXP,MT_NFER,TN,T,EU27_2020,2013,140.0
61196,EXP,MT_NFER,TN,T,FR,2013,127.0
61197,EXP,MT_NFER,TN,T,IT,2013,1.0
61198,EXP,MT_NFER,TN,T,NL,2013,10.0
62292,EXP,MT_NFER_CAN,TN,T,EU27_2020,2013,120.0
62293,EXP,MT_NFER_CAN,TN,T,FR,2013,120.0
62294,EXP,MT_NFER_CAN,TN,T,IT,2013,0.0
63428,EXP,MT_NFER_OTH,TN,T,BE,2013,2.0
63429,EXP,MT_NFER_OTH,TN,T,EU27_2020,2013,20.0
63430,EXP,MT_NFER_OTH,TN,T,FR,2013,7.0
63431,EXP,MT_NFER_OTH,TN,T,IT,2013,1.0
63432,EXP,MT_NFER_OTH,TN,T,NL,2013,10.0
65010,EXP,NSP,TN,T,EU27_2020,2013,59.0
65011,EXP,NSP,TN,T,FR,2013,20.0
65012,EXP,NSP,TN,T,IT,2013,39.0
65013,EXP,NSP,TN,T,NL,2013,0.0
65904,EXP,ORG,TN,T,AT,2013,0.0
65905,EXP,ORG,TN,T,EL,2013,8.0
65906,EXP,ORG,TN,T,ES,2013,9.0
65907,EXP,ORG,TN,T,EU27_2020,2013,22.0
65908,EXP,ORG,TN,T,FR,2013,1.0
65909,EXP,ORG,TN,T,IT,2013,4.0
66482,EXP,ORG_ANI,TN,T,EU27_2020,2013,0.0
66483,EXP,ORG_ANI,TN,T,FR,2013,0.0
67134,EXP,ORG_VEG,TN,T,AT,2013,0.0
67135,EXP,ORG_VEG,TN,T,EL,2013,8.0
67136,EXP,ORG_VEG,TN,T,ES,2013,9.0
67137,EXP,ORG_VEG,TN,T,EU27_2020,2013,22.0
67138,EXP,ORG_VEG,TN,T,FR,2013,1.0
67139,EXP,ORG_VEG,TN,T,IT,2013,4.0
68488,EXP,PAPER,TN,T,BE,2013,81.0
68489,EXP,PAPER,TN,T,CY,2013,209.0
68490,EXP,PAPER,TN,T,DE,2013,286.0
68491,EXP,PAPER,TN,T,ES,2013,873.0
68492,EXP,PAPER,TN,T,EU27_2020,2013,1615.0
68493,EXP,PAPER,TN,T,FI,2013,100.0
68494,EXP,PAPER,TN,T,FR,2013,3.0
68495,EXP,PAPER,TN,T,IT,2013,37.0
68496,EXP,PAPER,TN,T,PT,2013,25.0
69820,EXP,PLAST,TN,T,DE,2013,107.0
69821,EXP,PLAST,TN,T,EL,2013,117.0
69822,EXP,PLAST,TN,T,EU27_2020,2013,2567.0
69823,EXP,PLAST,TN,T,FR,2013,1124.0
69824,EXP,PLAST,TN,T,IT,2013,1219.0
72450,EXP,PLAST_RUB,TN,T,DE,2013,222.0
72451,EXP,PLAST_RUB,TN,T,EL,2013,139.0
72452,EXP,PLAST_RUB,TN,T,ES,2013,70.0
72453,EXP,PLAST_RUB,TN,T,EU27_2020,2013,4808.0
72454,EXP,PLAST_RUB,TN,T,FR,2013,2537.0
72455,EXP,PLAST_RUB,TN,T,IT,2013,1833.0
72456,EXP,PLAST_RUB,TN,T,NL,2013,0.0
72457,EXP,PLAST_RUB,TN,T,SE,2013,6.0
72458,EXP,PLAST_RUB,TN,T,SK,2013,0.0
74764,EXP,RUB,TN,T,DE,2013,115.0
74765,EXP,RUB,TN,T,EL,2013,22.0
74766,EXP,RUB,TN,T,ES,2013,70.0
74767,EXP,RUB,TN,T,EU27_2020,2013,2241.0
74768,EXP,RUB,TN,T,FR,2013,1413.0
74769,EXP,RUB,TN,T,IT,2013,614.0
74770,EXP,RUB,TN,T,NL,2013,0.0
74771,EXP,RUB,TN,T,SE,2013,6.0
74772,EXP,RUB,TN,T,SK,2013,0.0
78160,EXP,TEXT,TN,T,AT,2013,1637.0
78161,EXP,TEXT,TN,T,BE,2013,6811.0
78162,EXP,TEXT,TN,T,BG,2013,66.0
78163,EXP,TEXT,TN,T,DE,2013,8199.0
78164,EXP,TEXT,TN,T,DK,2013,207.0
78165,EXP,TEXT,TN,T,ES,2013,792.0
78166,EXP,TEXT,TN,T,EU27_2020,2013,77653.0
78167,EXP,TEXT,TN,T,FI,2013,20.0
78168,EXP,TEXT,TN,T,FR,2013,14412.0
78169,EXP,TEXT,TN,T,HR,2013,53.0
78170,EXP,TEXT,TN,T,HU,2013,175.0
78171,EXP,TEXT,TN,T,IE,2013,0.0
78172,EXP,TEXT,TN,T,IT,2013,37457.0
78173,EXP,TEXT,TN,T,NL,2013,3453.0
78174,EXP,TEXT,TN,T,PL,2013,186.0
78175,EXP,TEXT,TN,T,PT,2013,3234.0
78176,EXP,TEXT,TN,T,SE,2013,0.0
78177,EXP,TEXT,TN,T,SI,2013,950.0
80006,EXP,TEXT_NTL,TN,T,BE,2013,56.0
80007,EXP,TEXT_NTL,TN,T,DE,2013,11.0
80008,EXP,TEXT_NTL,TN,T,DK,2013,57.0
80009,EXP,TEXT_NTL,TN,T,ES,2013,23.0
80010,EXP,TEXT_NTL,TN,T,EU27_2020,2013,6793.0
80011,EXP,TEXT_NTL,TN,T,FR,2013,3706.0
80012,EXP,TEXT_NTL,TN,T,IT,2013,774.0
80013,EXP,TEXT_NTL,TN,T,NL,2013,2167.0
83054,EXP,TEXT_SYN,TN,T,AT,2013,1637.0
83055,EXP,TEXT_SYN,TN,T,BE,2013,6756.0
83056,EXP,TEXT_SYN,TN,T,BG,2013,66.0
83057,EXP,TEXT_SYN,TN,T,DE,2013,8188.0
83058,EXP,TEXT_SYN,TN,T,DK,2013,150.0
83059,EXP,TEXT_SYN,TN,T,ES,2013,769.0
83060,EXP,TEXT_SYN,TN,T,EU27_2020,2013,70859.0
83061,EXP,TEXT_SYN,TN,T,FI,2013,20.0
83062,EXP,TEXT_SYN,TN,T,FR,2013,10707.0
83063,EXP,TEXT_SYN,TN,T,HR,2013,53.0
83064,EXP,TEXT_SYN,TN,T,HU,2013,175.0
83065,EXP,TEXT_SYN,TN,T,IE,2013,0.0
83066,EXP,TEXT_SYN,TN,T,IT,2013,36682.0
83067,EXP,TEXT_SYN,TN,T,NL,2013,1286.0
83068,EXP,TEXT_SYN,TN,T,PL,2013,186.0
83069,EXP,TEXT_SYN,TN,T,PT,2013,3234.0
83070,EXP,TEXT_SYN,TN,T,SE,2013,0.0
83071,EXP,TEXT_SYN,TN,T,SI,2013,950.0
87482,EXP,TOTAL,TN,T,AT,2013,1637.0
87483,EXP,TOTAL,TN,T,BE,2013,6933.0
87484,EXP,TOTAL,TN,T,BG,2013,66.0
87485,EXP,TOTAL,TN,T,CY,2013,209.0
87486,EXP,TOTAL,TN,T,DE,2013,8708.0
87487,EXP,TOTAL,TN,T,DK,2013,207.0
87488,EXP,TOTAL,TN,T,EL,2013,148.0
87489,EXP,TOTAL,TN,T,ES,2013,1745.0
87490,EXP,TOTAL,TN,T,EU27_2020,2013,88210.0
87491,EXP,TOTAL,TN,T,FI,2013,120.0
87492,EXP,TOTAL,TN,T,FR,2013,20898.0
87493,EXP,TOTAL,TN,T,HR,2013,53.0
87494,EXP,TOTAL,TN,T,HU,2013,175.0
87495,EXP,TOTAL,TN,T,IE,2013,0.0
87496,EXP,TOTAL,TN,T,IT,2013,39447.0
87497,EXP,TOTAL,TN,T,NL,2013,3463.0
87498,EXP,TOTAL,TN,T,PL,2013,186.0
87499,EXP,TOTAL,TN,T,PT,2013,3259.0
87500,EXP,TOTAL,TN,T,SE,2013,6.0
87501,EXP,TOTAL,TN,T,SI,2013,950.0
87502,EXP,TOTAL,TN,T,SK,2013,0.0
88948,EXP,WD,TN,T,EU27_2020,2013,1.0
88949,EXP,WD,TN,T,FR,2013,1.0
116396,EXP,GLAS,TN,T,EU27_2020,2010,36.0
116397,EXP,GLAS,TN,T,FR,2010,10.0
116398,EXP,GLAS,TN,T,MT,2010,26.0
117102,EXP,MIN,TN,T,BE,2010,216.0
117103,EXP,MIN,TN,T,ES,2010,68.0
117104,EXP,MIN,TN,T,EU27_2020,2010,400.0
117105,EXP,MIN,TN,T,FR,2010,50.0
117106,EXP,MIN,TN,T,IE,2010,0.0
117107,EXP,MIN,TN,T,NL,2010,66.0
118754,EXP,MT,TN,T,BE,2010,20.0
118755,EXP,MT,TN,T,DE,2010,0.0
118756,EXP,MT,TN,T,EU27_2020,2010,129.0
118757,EXP,MT,TN,T,FR,2010,79.0
118758,EXP,MT,TN,T,IT,2010,24.0
118759,EXP,MT,TN,T,NL,2010,5.0
120228,EXP,MT_FER,TN,T,EU27_2020,2010,29.0
120229,EXP,MT_FER,TN,T,FR,2010,29.0
121632,EXP,MT_NFER,TN,T,BE,2010,20.0
121633,EXP,MT_NFER,TN,T,DE,2010,0.0
121634,EXP,MT_NFER,TN,T,EU27_2020,2010,100.0
121635,EXP,MT_NFER,TN,T,FR,2010,51.0
121636,EXP,MT_NFER,TN,T,IT,2010,24.0
121637,EXP,MT_NFER,TN,T,NL,2010,5.0
122684,EXP,MT_NFER_CAN,TN,T,DE,2010,0.0
122685,EXP,MT_NFER_CAN,TN,T,EU27_2020,2010,53.0
122686,EXP,MT_NFER_CAN,TN,T,FR,2010,50.0
122687,EXP,MT_NFER_CAN,TN,T,IT,2010,3.0
123696,EXP,MT_NFER_OTH,TN,T,BE,2010,20.0
123697,EXP,MT_NFER_OTH,TN,T,EU27_2020,2010,47.0
123698,EXP,MT_NFER_OTH,TN,T,FR,2010,0.0
123699,EXP,MT_NFER_OTH,TN,T,IT,2010,22.0
123700,EXP,MT_NFER_OTH,TN,T,NL,2010,5.0
125048,EXP,NSP,TN,T,BE,2010,2.0
125049,EXP,NSP,TN,T,ES,2010,0.0
125050,EXP,NSP,TN,T,EU27_2020,2010,18.0
125051,EXP,NSP,TN,T,FR,2010,14.0
125052,EXP,NSP,TN,T,NL,2010,1.0
125816,EXP,ORG,TN,T,EL,2010,43.0
125817,EXP,ORG,TN,T,ES,2010,21.0
125818,EXP,ORG,TN,T,EU27_2020,2010,64.0
126926,EXP,ORG_VEG,TN,T,EL,2010,43.0
126927,EXP,ORG_VEG,TN,T,ES,2010,21.0
126928,EXP,ORG_VEG,TN,T,EU27_2020,2010,64.0
128154,EXP,PAPER,TN,T,DK,2010,49.0
128155,EXP,PAPER,TN,T,ES,2010,3688.0
128156,EXP,PAPER,TN,T,EU27_2020,2010,4238.0
128157,EXP,PAPER,TN,T,IT,2010,502.0
129410,EXP,PLAST,TN,T,AT,2010,0.0
129411,EXP,PLAST,TN,T,EU27_2020,2010,322.0
129412,EXP,PLAST,TN,T,FR,2010,298.0
129413,EXP,PLAST,TN,T,IT,2010,24.0
131754,EXP,PLAST_RUB,TN,T,AT,2010,0.0
131755,EXP,PLAST_RUB,TN,T,BE,2010,1.0
131756,EXP,PLAST_RUB,TN,T,DE,2010,258.0
131757,EXP,PLAST_RUB,TN,T,ES,2010,68.0
131758,EXP,PLAST_RUB,TN,T,EU27_2020,2010,1819.0
131759,EXP,PLAST_RUB,TN,T,FR,2010,744.0
131760,EXP,PLAST_RUB,TN,T,IT,2010,702.0
131761,EXP,PLAST_RUB,TN,T,PL,2010,46.0
133800,EXP,RUB,TN,T,BE,2010,1.0
133801,EXP,RUB,TN,T,DE,2010,258.0
133802,EXP,RUB,TN,T,ES,2010,68.0
133803,EXP,RUB,TN,T,EU27_2020,2010,1498.0
133804,EXP,RUB,TN,T,FR,2010,446.0
133805,EXP,RUB,TN,T,IT,2010,678.0
133806,EXP,RUB,TN,T,PL,2010,46.0
137212,EXP,TEXT,TN,T,AT,2010,410.0
137213,EXP,TEXT,TN,T,BE,2010,6301.0
137214,EXP,TEXT,TN,T,BG,2010,33.0
137215,EXP,TEXT,TN,T,DE,2010,18968.0
137216,EXP,TEXT,TN,T,ES,2010,983.0
137217,EXP,TEXT,TN,T,EU27_2020,2010,96744.0
137218,EXP,TEXT,TN,T,FR,2010,12939.0
137219,EXP,TEXT,TN,T,HU,2010,0.0
137220,EXP,TEXT,TN,T,IE,2010,0.0
137221,EXP,TEXT,TN,T,IT,2010,52130.0
137222,EXP,TEXT,TN,T,NL,2010,2508.0
137223,EXP,TEXT,TN,T,PL,2010,25.0
137224,EXP,TEXT,TN,T,PT,2010,1961.0
137225,EXP,TEXT,TN,T,RO,2010,181.0
137226,EXP,TEXT,TN,T,SE,2010,49.0
137227,EXP,TEXT,TN,T,SI,2010,256.0
138940,EXP,TEXT_NTL,TN,T,BE,2010,116.0
138941,EXP,TEXT_NTL,TN,T,DE,2010,33.0
138942,EXP,TEXT_NTL,TN,T,ES,2010,148.0
138943,EXP,TEXT_NTL,TN,T,EU27_2020,2010,9954.0
138944,EXP,TEXT_NTL,TN,T,FR,2010,1623.0
138945,EXP,TEXT_NTL,TN,T,IT,2010,7927.0
138946,EXP,TEXT_NTL,TN,T,NL,2010,107.0
142064,EXP,TEXT_SYN,TN,T,AT,2010,410.0
142065,EXP,TEXT_SYN,TN,T,BE,2010,6186.0
142066,EXP,TEXT_SYN,TN,T,BG,2010,33.0
142067,EXP,TEXT_SYN,TN,T,DE,2010,18935.0
142068,EXP,TEXT_SYN,TN,T,ES,2010,835.0
142069,EXP,TEXT_SYN,TN,T,EU27_2020,2010,86790.0
142070,EXP,TEXT_SYN,TN,T,FR,2010,11315.0
142071,EXP,TEXT_SYN,TN,T,HU,2010,0.0
142072,EXP,TEXT_SYN,TN,T,IE,2010,0.0
142073,EXP,TEXT_SYN,TN,T,IT,2010,44203.0
142074,EXP,TEXT_SYN,TN,T,NL,2010,2400.0
142075,EXP,TEXT_SYN,TN,T,PL,2010,25.0
142076,EXP,TEXT_SYN,TN,T,PT,2010,1961.0
142077,EXP,TEXT_SYN,TN,T,RO,2010,181.0
142078,EXP,TEXT_SYN,TN,T,SE,2010,49.0
142079,EXP,TEXT_SYN,TN,T,SI,2010,256.0
146502,EXP,TOTAL,TN,T,AT,2010,410.0
146503,EXP,TOTAL,TN,T,BE,2010,6541.0
146504,EXP,TOTAL,TN,T,BG,2010,33.0
146505,EXP,TOTAL,TN,T,DE,2010,19326.0
146506,EXP,TOTAL,TN,T,DK,2010,49.0
146507,EXP,TOTAL,TN,T,EL,2010,43.0
146508,EXP,TOTAL,TN,T,ES,2010,4842.0
146509,EXP,TOTAL,TN,T,EU27_2020,2010,103572.0
146510,EXP,TOTAL,TN,T,FR,2010,13842.0
146511,EXP,TOTAL,TN,T,HU,2010,0.0
146512,EXP,TOTAL,TN,T,IE,2010,0.0
146513,EXP,TOTAL,TN,T,IT,2010,53359.0
146514,EXP,TOTAL,TN,T,MT,2010,26.0
146515,EXP,TOTAL,TN,T,NL,2010,2584.0
146516,EXP,TOTAL,TN,T,PL,2010,71.0
146517,EXP,TOTAL,TN,T,PT,2010,1961.0
146518,EXP,TOTAL,TN,T,RO,2010,181.0
146519,EXP,TOTAL,TN,T,SE,2010,49.0
146520,EXP,TOTAL,TN,T,SI,2010,256.0
147950,EXP,WD,TN,T,DE,2010,99.0
147951,EXP,WD,TN,T,ES,2010,14.0
147952,EXP,WD,TN,T,EU27_2020,2010,123.0
147953,EXP,WD,TN,T,FR,2010,6.0
147954,EXP,WD,TN,T,NL,2010,4.0
174464,EXP,MIN,TN,T,BE,2004,310.0
174465,EXP,MIN,TN,T,DE,2004,321.0
174466,EXP,MIN,TN,T,EL,2004,3280.0
174467,EXP,MIN,TN,T,EU27_2020,2004,5158.0
174468,EXP,MIN,TN,T,FR,2004,730.0
174469,EXP,MIN,TN,T,IT,2004,2.0
174470,EXP,MIN,TN,T,NL,2004,515.0
176138,EXP,MT,TN,T,BE,2004,43.0
176139,EXP,MT,TN,T,DE,2004,814.0
176140,EXP,MT,TN,T,EU27_2020,2004,949.0
176141,EXP,MT,TN,T,FR,2004,47.0
176142,EXP,MT,TN,T,IT,2004,26.0
176143,EXP,MT,TN,T,NL,2004,19.0
177432,EXP,MT_FER,TN,T,DE,2004,166.0
177433,EXP,MT_FER,TN,T,EU27_2020,2004,202.0
177434,EXP,MT_FER,TN,T,FR,2004,36.0
178840,EXP,MT_NFER,TN,T,BE,2004,43.0
178841,EXP,MT_NFER,TN,T,DE,2004,648.0
178842,EXP,MT_NFER,TN,T,EU27_2020,2004,747.0
178843,EXP,MT_NFER,TN,T,FR,2004,11.0
178844,EXP,MT_NFER,TN,T,IT,2004,26.0
178845,EXP,MT_NFER,TN,T,NL,2004,19.0
179936,EXP,MT_NFER_CAN,TN,T,DE,2004,49.0
179937,EXP,MT_NFER_CAN,TN,T,EU27_2020,2004,101.0
179938,EXP,MT_NFER_CAN,TN,T,FR,2004,8.0
179939,EXP,MT_NFER_CAN,TN,T,IT,2004,25.0
179940,EXP,MT_NFER_CAN,TN,T,NL,2004,19.0
180936,EXP,MT_NFER_OTH,TN,T,BE,2004,43.0
180937,EXP,MT_NFER_OTH,TN,T,DE,2004,599.0
180938,EXP,MT_NFER_OTH,TN,T,EU27_2020,2004,646.0
180939,EXP,MT_NFER_OTH,TN,T,FR,2004,4.0
180940,EXP,MT_NFER_OTH,TN,T,IT,2004,1.0
182242,EXP,NSP,TN,T,BE,2004,5.0
182243,EXP,NSP,TN,T,EU27_2020,2004,56.0
182244,EXP,NSP,TN,T,FR,2004,50.0
182245,EXP,NSP,TN,T,IT,2004,1.0
182940,EXP,ORG,TN,T,BE,2004,192.0
182941,EXP,ORG,TN,T,DE,2004,4.0
182942,EXP,ORG,TN,T,EU27_2020,2004,246.0
182943,EXP,ORG,TN,T,IT,2004,50.0
183432,EXP,ORG_ANI,TN,T,DE,2004,4.0
183433,EXP,ORG_ANI,TN,T,EU27_2020,2004,4.0
183946,EXP,ORG_VEG,TN,T,BE,2004,192.0
183947,EXP,ORG_VEG,TN,T,EU27_2020,2004,242.0
183948,EXP,ORG_VEG,TN,T,IT,2004,50.0
185042,EXP,PAPER,TN,T,DE,2004,138.0
185043,EXP,PAPER,TN,T,ES,2004,3375.0
185044,EXP,PAPER,TN,T,EU27_2020,2004,3628.0
185045,EXP,PAPER,TN,T,IT,2004,115.0
186190,EXP,PLAST,TN,T,AT,2004,15.0
186191,EXP,PLAST,TN,T,DE,2004,37.0
186192,EXP,PLAST,TN,T,EU27_2020,2004,367.0
186193,EXP,PLAST,TN,T,FI,2004,27.0
186194,EXP,PLAST,TN,T,FR,2004,10.0
186195,EXP,PLAST,TN,T,IT,2004,279.0
188242,EXP,PLAST_RUB,TN,T,AT,2004,15.0
188243,EXP,PLAST_RUB,TN,T,BE,2004,151.0
188244,EXP,PLAST_RUB,TN,T,DE,2004,42.0
188245,EXP,PLAST_RUB,TN,T,ES,2004,183.0
188246,EXP,PLAST_RUB,TN,T,EU27_2020,2004,1065.0
188247,EXP,PLAST_RUB,TN,T,FI,2004,27.0
188248,EXP,PLAST_RUB,TN,T,FR,2004,26.0
188249,EXP,PLAST_RUB,TN,T,IT,2004,619.0
188250,EXP,PLAST_RUB,TN,T,NL,2004,2.0
190020,EXP,RUB,TN,T,BE,2004,151.0
190021,EXP,RUB,TN,T,DE,2004,5.0
190022,EXP,RUB,TN,T,ES,2004,183.0
190023,EXP,RUB,TN,T,EU27_2020,2004,697.0
190024,EXP,RUB,TN,T,FR,2004,16.0
190025,EXP,RUB,TN,T,IT,2004,340.0
190026,EXP,RUB,TN,T,NL,2004,2.0
192930,EXP,TEXT,TN,T,AT,2004,518.0
192931,EXP,TEXT,TN,T,BE,2004,2006.0
192932,EXP,TEXT,TN,T,DE,2004,8772.0
192933,EXP,TEXT,TN,T,ES,2004,43.0
192934,EXP,TEXT,TN,T,EU27_2020,2004,68773.0
192935,EXP,TEXT,TN,T,FR,2004,8625.0
192936,EXP,TEXT,TN,T,IE,2004,0.0
192937,EXP,TEXT,TN,T,IT,2004,43344.0
192938,EXP,TEXT,TN,T,NL,2004,2804.0
192939,EXP,TEXT,TN,T,PL,2004,20.0
192940,EXP,TEXT,TN,T,PT,2004,251.0
192941,EXP,TEXT,TN,T,SE,2004,2340.0
192942,EXP,TEXT,TN,T,SI,2004,51.0
194676,EXP,TEXT_NTL,TN,T,BE,2004,20.0
194677,EXP,TEXT_NTL,TN,T,DE,2004,89.0
194678,EXP,TEXT_NTL,TN,T,ES,2004,43.0
194679,EXP,TEXT_NTL,TN,T,EU27_2020,2004,10906.0
194680,EXP,TEXT_NTL,TN,T,FR,2004,143.0
194681,EXP,TEXT_NTL,TN,T,IT,2004,10596.0
194682,EXP,TEXT_NTL,TN,T,PT,2004,16.0
197326,EXP,TEXT_SYN,TN,T,AT,2004,518.0
197327,EXP,TEXT_SYN,TN,T,BE,2004,1987.0
197328,EXP,TEXT_SYN,TN,T,DE,2004,8683.0
197329,EXP,TEXT_SYN,TN,T,EU27_2020,2004,57867.0
197330,EXP,TEXT_SYN,TN,T,FR,2004,8482.0
197331,EXP,TEXT_SYN,TN,T,IE,2004,0.0
197332,EXP,TEXT_SYN,TN,T,IT,2004,32749.0
197333,EXP,TEXT_SYN,TN,T,NL,2004,2804.0
197334,EXP,TEXT_SYN,TN,T,PL,2004,20.0
197335,EXP,TEXT_SYN,TN,T,PT,2004,235.0
197336,EXP,TEXT_SYN,TN,T,SE,2004,2340.0
197337,EXP,TEXT_SYN,TN,T,SI,2004,51.0
201346,EXP,TOTAL,TN,T,AT,2004,534.0
201347,EXP,TOTAL,TN,T,BE,2004,2707.0
201348,EXP,TOTAL,TN,T,DE,2004,10091.0
201349,EXP,TOTAL,TN,T,EL,2004,3280.0
201350,EXP,TOTAL,TN,T,ES,2004,3602.0
201351,EXP,TOTAL,TN,T,EU27_2020,2004,79875.0
201352,EXP,TOTAL,TN,T,FI,2004,27.0
201353,EXP,TOTAL,TN,T,FR,2004,9478.0
201354,EXP,TOTAL,TN,T,IE,2004,0.0
201355,EXP,TOTAL,TN,T,IT,2004,44157.0
201356,EXP,TOTAL,TN,T,NL,2004,3339.0
201357,EXP,TOTAL,TN,T,PL,2004,20.0
201358,EXP,TOTAL,TN,T,PT,2004,251.0
201359,EXP,TOTAL,TN,T,SE,2004,2340.0
201360,EXP,TOTAL,TN,T,SI,2004,51.0
202592,EXP,WD,TN,T,AT,2004,1.0
202593,EXP,WD,TN,T,ES,2004,0.0
202594,EXP,WD,TN,T,EU27_2020,2004,1.0
226102,EXP,MIN,TN,T,BE,2005,432.0
226103,EXP,MIN,TN,T,DE,2005,2.0
226104,EXP,MIN,TN,T,EU27_2020,2005,1042.0
226105,EXP,MIN,TN,T,FR,2005,607.0
226106,EXP,MIN,TN,T,IT,2005,2.0
226107,EXP,MIN,TN,T,NL,2005,0.0
227736,EXP,MT,TN,T,BE,2005,23.0
227737,EXP,MT,TN,T,DE,2005,641.0
227738,EXP,MT,TN,T,EU27_2020,2005,668.0
227739,EXP,MT,TN,T,FR,2005,3.0
227740,EXP,MT,TN,T,IT,2005,1.0
227741,EXP,MT,TN,T,NL,2005,0.0
229072,EXP,MT_FER,TN,T,BE,2005,3.0
229073,EXP,MT_FER,TN,T,DE,2005,35.0
229074,EXP,MT_FER,TN,T,EU27_2020,2005,39.0
229075,EXP,MT_FER,TN,T,FR,2005,2.0
230488,EXP,MT_NFER,TN,T,BE,2005,20.0
230489,EXP,MT_NFER,TN,T,DE,2005,606.0
230490,EXP,MT_NFER,TN,T,EU27_2020,2005,629.0
230491,EXP,MT_NFER,TN,T,FR,2005,2.0
230492,EXP,MT_NFER,TN,T,IT,2005,1.0
230493,EXP,MT_NFER,TN,T,NL,2005,0.0
231528,EXP,MT_NFER_CAN,TN,T,DE,2005,104.0
231529,EXP,MT_NFER_CAN,TN,T,EU27_2020,2005,106.0
231530,EXP,MT_NFER_CAN,TN,T,FR,2005,2.0
231531,EXP,MT_NFER_CAN,TN,T,IT,2005,1.0
232588,EXP,MT_NFER_OTH,TN,T,BE,2005,20.0
232589,EXP,MT_NFER_OTH,TN,T,DE,2005,502.0
232590,EXP,MT_NFER_OTH,TN,T,EU27_2020,2005,523.0
232591,EXP,MT_NFER_OTH,TN,T,FR,2005,0.0
232592,EXP,MT_NFER_OTH,TN,T,NL,2005,0.0
233862,EXP,NSP,TN,T,BE,2005,4.0
233863,EXP,NSP,TN,T,ES,2005,12.0
233864,EXP,NSP,TN,T,EU27_2020,2005,1447.0
233865,EXP,NSP,TN,T,FR,2005,53.0
233866,EXP,NSP,TN,T,IT,2005,0.0
233867,EXP,NSP,TN,T,MT,2005,1378.0
234540,EXP,ORG,TN,T,BE,2005,210.0
234541,EXP,ORG,TN,T,DE,2005,3.0
234542,EXP,ORG,TN,T,EU27_2020,2005,337.0
234543,EXP,ORG,TN,T,FR,2005,0.0
234544,EXP,ORG,TN,T,IT,2005,125.0
235026,EXP,ORG_ANI,TN,T,DE,2005,3.0
235027,EXP,ORG_ANI,TN,T,EU27_2020,2005,3.0
235498,EXP,ORG_VEG,TN,T,BE,2005,210.0
235499,EXP,ORG_VEG,TN,T,EU27_2020,2005,335.0
235500,EXP,ORG_VEG,TN,T,FR,2005,0.0
235501,EXP,ORG_VEG,TN,T,IT,2005,125.0
236552,EXP,PAPER,TN,T,BE,2005,222.0
236553,EXP,PAPER,TN,T,DE,2005,965.0
236554,EXP,PAPER,TN,T,ES,2005,2987.0
236555,EXP,PAPER,TN,T,EU27_2020,2005,12144.0
236556,EXP,PAPER,TN,T,FR,2005,192.0
236557,EXP,PAPER,TN,T,IE,2005,24.0
236558,EXP,PAPER,TN,T,IT,2005,7754.0
237746,EXP,PLAST,TN,T,DE,2005,2.0
237747,EXP,PLAST,TN,T,EU27_2020,2005,244.0
237748,EXP,PLAST,TN,T,FR,2005,137.0
237749,EXP,PLAST,TN,T,IT,2005,105.0
239862,EXP,PLAST_RUB,TN,T,BE,2005,14.0
239863,EXP,PLAST_RUB,TN,T,DE,2005,7.0
239864,EXP,PLAST_RUB,TN,T,DK,2005,130.0
239865,EXP,PLAST_RUB,TN,T,ES,2005,157.0
239866,EXP,PLAST_RUB,TN,T,EU27_2020,2005,1080.0
239867,EXP,PLAST_RUB,TN,T,FR,2005,184.0
239868,EXP,PLAST_RUB,TN,T,IT,2005,590.0
241684,EXP,RUB,TN,T,BE,2005,14.0
241685,EXP,RUB,TN,T,DE,2005,5.0
241686,EXP,RUB,TN,T,DK,2005,130.0
241687,EXP,RUB,TN,T,ES,2005,157.0
241688,EXP,RUB,TN,T,EU27_2020,2005,836.0
241689,EXP,RUB,TN,T,FR,2005,46.0
241690,EXP,RUB,TN,T,IT,2005,485.0
244782,EXP,TEXT,TN,T,AT,2005,895.0
244783,EXP,TEXT,TN,T,BE,2005,4932.0
244784,EXP,TEXT,TN,T,DE,2005,10472.0
244785,EXP,TEXT,TN,T,EE,2005,42.0
244786,EXP,TEXT,TN,T,ES,2005,44.0
244787,EXP,TEXT,TN,T,EU27_2020,2005,82263.0
244788,EXP,TEXT,TN,T,FI,2005,113.0
244789,EXP,TEXT,TN,T,FR,2005,12079.0
244790,EXP,TEXT,TN,T,HU,2005,1.0
244791,EXP,TEXT,TN,T,IE,2005,6.0
244792,EXP,TEXT,TN,T,IT,2005,44842.0
244793,EXP,TEXT,TN,T,LT,2005,48.0
244794,EXP,TEXT,TN,T,NL,2005,4438.0
244795,EXP,TEXT,TN,T,PL,2005,45.0
244796,EXP,TEXT,TN,T,PT,2005,537.0
244797,EXP,TEXT,TN,T,SE,2005,3610.0
244798,EXP,TEXT,TN,T,SI,2005,27.0
244799,EXP,TEXT,TN,T,SK,2005,133.0
246508,EXP,TEXT_NTL,TN,T,BE,2005,217.0
246509,EXP,TEXT_NTL,TN,T,DE,2005,35.0
246510,EXP,TEXT_NTL,TN,T,ES,2005,0.0
246511,EXP,TEXT_NTL,TN,T,EU27_2020,2005,8528.0
246512,EXP,TEXT_NTL,TN,T,FR,2005,209.0
246513,EXP,TEXT_NTL,TN,T,IT,2005,7793.0
246514,EXP,TEXT_NTL,TN,T,NL,2005,264.0
246515,EXP,TEXT_NTL,TN,T,PT,2005,10.0
249388,EXP,TEXT_SYN,TN,T,AT,2005,895.0
249389,EXP,TEXT_SYN,TN,T,BE,2005,4715.0
249390,EXP,TEXT_SYN,TN,T,DE,2005,10438.0
249391,EXP,TEXT_SYN,TN,T,EE,2005,42.0
249392,EXP,TEXT_SYN,TN,T,ES,2005,44.0
249393,EXP,TEXT_SYN,TN,T,EU27_2020,2005,73734.0
249394,EXP,TEXT_SYN,TN,T,FI,2005,113.0
249395,EXP,TEXT_SYN,TN,T,FR,2005,11871.0
249396,EXP,TEXT_SYN,TN,T,HU,2005,1.0
249397,EXP,TEXT_SYN,TN,T,IE,2005,6.0
249398,EXP,TEXT_SYN,TN,T,IT,2005,37048.0
249399,EXP,TEXT_SYN,TN,T,LT,2005,48.0
249400,EXP,TEXT_SYN,TN,T,NL,2005,4173.0
249401,EXP,TEXT_SYN,TN,T,PL,2005,45.0
249402,EXP,TEXT_SYN,TN,T,PT,2005,527.0
249403,EXP,TEXT_SYN,TN,T,SE,2005,3610.0
249404,EXP,TEXT_SYN,TN,T,SI,2005,27.0
249405,EXP,TEXT_SYN,TN,T,SK,2005,133.0
253536,EXP,TOTAL,TN,T,AT,2005,895.0
253537,EXP,TOTAL,TN,T,BE,2005,5836.0
253538,EXP,TOTAL,TN,T,DE,2005,12089.0
253539,EXP,TOTAL,TN,T,DK,2005,130.0
253540,EXP,TOTAL,TN,T,EE,2005,42.0
253541,EXP,TOTAL,TN,T,ES,2005,3201.0
253542,EXP,TOTAL,TN,T,EU27_2020,2005,98981.0
253543,EXP,TOTAL,TN,T,FI,2005,113.0
253544,EXP,TOTAL,TN,T,FR,2005,13118.0
253545,EXP,TOTAL,TN,T,HU,2005,1.0
253546,EXP,TOTAL,TN,T,IE,2005,30.0
253547,EXP,TOTAL,TN,T,IT,2005,53313.0
253548,EXP,TOTAL,TN,T,LT,2005,48.0
253549,EXP,TOTAL,TN,T,MT,2005,1378.0
253550,EXP,TOTAL,TN,T,NL,2005,4438.0
253551,EXP,TOTAL,TN,T,PL,2005,45.0
253552,EXP,TOTAL,TN,T,PT,2005,537.0
253553,EXP,TOTAL,TN,T,SE,2005,3610.0
253554,EXP,TOTAL,TN,T,SI,2005,27.0
253555,EXP,TOTAL,TN,T,SK,2005,133.0
278168,EXP,GLAS,TN,T,ES,2019,0.0
278169,EXP,GLAS,TN,T,EU27_2020,2019,0.0
278896,EXP,MIN,TN,T,DE,2019,7651.0
278897,EXP,MIN,TN,T,ES,2019,8615.0
278898,EXP,MIN,TN,T,EU27_2020,2019,16273.0
278899,EXP,MIN,TN,T,FR,2019,7.0
280662,EXP,MT,TN,T,BE,2019,37.0
280663,EXP,MT,TN,T,EU27_2020,2019,4202.0
280664,EXP,MT,TN,T,FR,2019,33.0
280665,EXP,MT,TN,T,NL,2019,6.0
280666,EXP,MT,TN,T,SE,2019,4126.0
281860,EXP,MT_FER,TN,T,EU27_2020,2019,4158.0
281861,EXP,MT_FER,TN,T,FR,2019,32.0
281862,EXP,MT_FER,TN,T,SE,2019,4126.0
283508,EXP,MT_NFER,TN,T,BE,2019,37.0
283509,EXP,MT_NFER,TN,T,EU27_2020,2019,44.0
283510,EXP,MT_NFER,TN,T,FR,2019,1.0
283511,EXP,MT_NFER,TN,T,NL,2019,6.0
284714,EXP,MT_NFER_CAN,TN,T,BE,2019,23.0
284715,EXP,MT_NFER_CAN,TN,T,EU27_2020,2019,23.0
284716,EXP,MT_NFER_CAN,TN,T,FR,2019,1.0
285964,EXP,MT_NFER_OTH,TN,T,BE,2019,14.0
285965,EXP,MT_NFER_OTH,TN,T,EU27_2020,2019,21.0
285966,EXP,MT_NFER_OTH,TN,T,FR,2019,0.0
285967,EXP,MT_NFER_OTH,TN,T,NL,2019,6.0
287494,EXP,NSP,TN,T,EU27_2020,2019,162.0
287495,EXP,NSP,TN,T,FR,2019,162.0
287496,EXP,NSP,TN,T,IT,2019,1.0
288424,EXP,ORG,TN,T,BE,2019,0.0
288425,EXP,ORG,TN,T,EU27_2020,2019,1.0
288426,EXP,ORG,TN,T,FR,2019,1.0
288980,EXP,ORG_ANI,TN,T,EU27_2020,2019,1.0
288981,EXP,ORG_ANI,TN,T,FR,2019,1.0
289708,EXP,ORG_VEG,TN,T,BE,2019,0.0
289709,EXP,ORG_VEG,TN,T,EU27_2020,2019,0.0
289710,EXP,ORG_VEG,TN,T,FR,2019,0.0
290938,EXP,PAPER,TN,T,ES,2019,2638.0
290939,EXP,PAPER,TN,T,EU27_2020,2019,3697.0
290940,EXP,PAPER,TN,T,FR,2019,958.0
290941,EXP,PAPER,TN,T,IT,2019,101.0
292374,EXP,PLAST,TN,T,BE,2019,71.0
292375,EXP,PLAST,TN,T,DE,2019,44.0
292376,EXP,PLAST,TN,T,ES,2019,19.0
292377,EXP,PLAST,TN,T,EU27_2020,2019,171.0
292378,EXP,PLAST,TN,T,FR,2019,31.0
292379,EXP,PLAST,TN,T,IT,2019,5.0
294962,EXP,PLAST_RUB,TN,T,AT,2019,0.0
294963,EXP,PLAST_RUB,TN,T,BE,2019,162.0
294964,EXP,PLAST_RUB,TN,T,DE,2019,1442.0
294965,EXP,PLAST_RUB,TN,T,DK,2019,289.0
294966,EXP,PLAST_RUB,TN,T,ES,2019,640.0
294967,EXP,PLAST_RUB,TN,T,EU27_2020,2019,4209.0
294968,EXP,PLAST_RUB,TN,T,FR,2019,839.0
294969,EXP,PLAST_RUB,TN,T,IT,2019,659.0
294970,EXP,PLAST_RUB,TN,T,NL,2019,178.0
297158,EXP,RUB,TN,T,AT,2019,0.0
297159,EXP,RUB,TN,T,BE,2019,91.0
297160,EXP,RUB,TN,T,DE,2019,1398.0
297161,EXP,RUB,TN,T,DK,2019,289.0
297162,EXP,RUB,TN,T,ES,2019,621.0
297163,EXP,RUB,TN,T,EU27_2020,2019,4037.0
297164,EXP,RUB,TN,T,FR,2019,807.0
297165,EXP,RUB,TN,T,IT,2019,654.0
297166,EXP,RUB,TN,T,NL,2019,178.0
300564,EXP,TEXT,TN,T,AT,2019,547.0
300565,EXP,TEXT,TN,T,BE,2019,1559.0
300566,EXP,TEXT,TN,T,DE,2019,22521.0
300567,EXP,TEXT,TN,T,ES,2019,133.0
300568,EXP,TEXT,TN,T,EU27_2020,2019,111743.0
300569,EXP,TEXT,TN,T,FR,2019,22993.0
300570,EXP,TEXT,TN,T,HU,2019,38.0
300571,EXP,TEXT,TN,T,IT,2019,50068.0
300572,EXP,TEXT,TN,T,MT,2019,99.0
300573,EXP,TEXT,TN,T,NL,2019,11099.0
300574,EXP,TEXT,TN,T,PL,2019,407.0
300575,EXP,TEXT,TN,T,PT,2019,487.0
300576,EXP,TEXT,TN,T,SE,2019,0.0
300577,EXP,TEXT,TN,T,SI,2019,1792.0
302394,EXP,TEXT_NTL,TN,T,DE,2019,52.0
302395,EXP,TEXT_NTL,TN,T,ES,2019,6.0
302396,EXP,TEXT_NTL,TN,T,EU27_2020,2019,2419.0
302397,EXP,TEXT_NTL,TN,T,FR,2019,2239.0
302398,EXP,TEXT_NTL,TN,T,IT,2019,65.0
302399,EXP,TEXT_NTL,TN,T,NL,2019,56.0
302400,EXP,TEXT_NTL,TN,T,PT,2019,0.0
302401,EXP,TEXT_NTL,TN,T,SE,2019,0.0
305522,EXP,TEXT_SYN,TN,T,AT,2019,547.0
305523,EXP,TEXT_SYN,TN,T,BE,2019,1559.0
305524,EXP,TEXT_SYN,TN,T,DE,2019,22468.0
305525,EXP,TEXT_SYN,TN,T,ES,2019,127.0
305526,EXP,TEXT_SYN,TN,T,EU27_2020,2019,109324.0
305527,EXP,TEXT_SYN,TN,T,FR,2019,20754.0
305528,EXP,TEXT_SYN,TN,T,HU,2019,38.0
305529,EXP,TEXT_SYN,TN,T,IT,2019,50003.0
305530,EXP,TEXT_SYN,TN,T,MT,2019,99.0
305531,EXP,TEXT_SYN,TN,T,NL,2019,11043.0
305532,EXP,TEXT_SYN,TN,T,PL,2019,407.0
305533,EXP,TEXT_SYN,TN,T,PT,2019,486.0
305534,EXP,TEXT_SYN,TN,T,SE,2019,0.0
305535,EXP,TEXT_SYN,TN,T,SI,2019,1792.0
310020,EXP,TOTAL,TN,T,AT,2019,547.0
310021,EXP,TOTAL,TN,T,BE,2019,1758.0
310022,EXP,TOTAL,TN,T,DE,2019,31614.0
310023,EXP,TOTAL,TN,T,DK,2019,289.0
310024,EXP,TOTAL,TN,T,ES,2019,12026.0
310025,EXP,TOTAL,TN,T,EU27_2020,2019,140301.0
310026,EXP,TOTAL,TN,T,FR,2019,25007.0
310027,EXP,TOTAL,TN,T,HU,2019,38.0
310028,EXP,TOTAL,TN,T,IT,2019,50828.0
310029,EXP,TOTAL,TN,T,MT,2019,99.0
310030,EXP,TOTAL,TN,T,NL,2019,11284.0
310031,EXP,TOTAL,TN,T,PL,2019,407.0
310032,EXP,TOTAL,TN,T,PT,2019,487.0
310033,EXP,TOTAL,TN,T,SE,2019,4126.0
310034,EXP,TOTAL,TN,T,SI,2019,1792.0
311572,EXP,WD,TN,T,EU27_2020,2019,14.0
311573,EXP,WD,TN,T,FR,2019,14.0
341998,EXP,MIN,TN,T,BE,2011,9.0
341999,EXP,MIN,TN,T,DE,2011,500.0
342000,EXP,MIN,TN,T,EU27_2020,2011,602.0
342001,EXP,MIN,TN,T,FR,2011,49.0
342002,EXP,MIN,TN,T,IT,2011,2.0
342003,EXP,MIN,TN,T,NL,2011,42.0
343664,EXP,MT,TN,T,BE,2011,20.0
343665,EXP,MT,TN,T,DE,2011,1.0
343666,EXP,MT,TN,T,ES,2011,4.0
343667,EXP,MT,TN,T,EU27_2020,2011,528.0
343668,EXP,MT,TN,T,FR,2011,437.0
343669,EXP,MT,TN,T,IT,2011,57.0
343670,EXP,MT,TN,T,NL,2011,3.0
343671,EXP,MT,TN,T,PT,2011,6.0
345100,EXP,MT_FER,TN,T,DE,2011,1.0
345101,EXP,MT_FER,TN,T,EU27_2020,2011,11.0
345102,EXP,MT_FER,TN,T,FR,2011,3.0
345103,EXP,MT_FER,TN,T,IT,2011,1.0
345104,EXP,MT_FER,TN,T,PT,2011,6.0
346552,EXP,MT_NFER,TN,T,BE,2011,20.0
346553,EXP,MT_NFER,TN,T,DE,2011,0.0
346554,EXP,MT_NFER,TN,T,ES,2011,4.0
346555,EXP,MT_NFER,TN,T,EU27_2020,2011,517.0
346556,EXP,MT_NFER,TN,T,FR,2011,434.0
346557,EXP,MT_NFER,TN,T,IT,2011,56.0
346558,EXP,MT_NFER,TN,T,NL,2011,3.0
347630,EXP,MT_NFER_CAN,TN,T,ES,2011,4.0
347631,EXP,MT_NFER_CAN,TN,T,EU27_2020,2011,30.0
347632,EXP,MT_NFER_CAN,TN,T,FR,2011,25.0
347633,EXP,MT_NFER_CAN,TN,T,IT,2011,1.0
348702,EXP,MT_NFER_OTH,TN,T,BE,2011,20.0
348703,EXP,MT_NFER_OTH,TN,T,DE,2011,0.0
348704,EXP,MT_NFER_OTH,TN,T,EU27_2020,2011,487.0
348705,EXP,MT_NFER_OTH,TN,T,FR,2011,409.0
348706,EXP,MT_NFER_OTH,TN,T,IT,2011,55.0
348707,EXP,MT_NFER_OTH,TN,T,NL,2011,3.0
350120,EXP,NSP,TN,T,BE,2011,1.0
350121,EXP,NSP,TN,T,ES,2011,14.0
350122,EXP,NSP,TN,T,EU27_2020,2011,57.0
350123,EXP,NSP,TN,T,FR,2011,40.0
350124,EXP,NSP,TN,T,IT,2011,3.0
350962,EXP,ORG,TN,T,BE,2011,140.0
350963,EXP,ORG,TN,T,EL,2011,24.0
350964,EXP,ORG,TN,T,ES,2011,25.0
350965,EXP,ORG,TN,T,EU27_2020,2011,194.0
350966,EXP,ORG,TN,T,FR,2011,3.0
350967,EXP,ORG,TN,T,IT,2011,2.0
351560,EXP,ORG_ANI,TN,T,EU27_2020,2011,1.0
351561,EXP,ORG_ANI,TN,T,IT,2011,1.0
352204,EXP,ORG_VEG,TN,T,BE,2011,140.0
352205,EXP,ORG_VEG,TN,T,EL,2011,24.0
352206,EXP,ORG_VEG,TN,T,ES,2011,25.0
352207,EXP,ORG_VEG,TN,T,EU27_2020,2011,193.0
352208,EXP,ORG_VEG,TN,T,FR,2011,3.0
352209,EXP,ORG_VEG,TN,T,IT,2011,1.0
353480,EXP,PAPER,TN,T,CY,2011,142.0
353481,EXP,PAPER,TN,T,ES,2011,4080.0
353482,EXP,PAPER,TN,T,EU27_2020,2011,4389.0
353483,EXP,PAPER,TN,T,HU,2011,0.0
353484,EXP,PAPER,TN,T,IT,2011,167.0
353485,EXP,PAPER,TN,T,NL,2011,0.0
354780,EXP,PLAST,TN,T,BE,2011,2.0
354781,EXP,PLAST,TN,T,DE,2011,23.0
354782,EXP,PLAST,TN,T,ES,2011,19.0
354783,EXP,PLAST,TN,T,EU27_2020,2011,476.0
354784,EXP,PLAST,TN,T,FR,2011,407.0
354785,EXP,PLAST,TN,T,PL,2011,24.0
357218,EXP,PLAST_RUB,TN,T,BE,2011,2.0
357219,EXP,PLAST_RUB,TN,T,DE,2011,150.0
357220,EXP,PLAST_RUB,TN,T,EL,2011,23.0
357221,EXP,PLAST_RUB,TN,T,ES,2011,85.0
357222,EXP,PLAST_RUB,TN,T,EU27_2020,2011,1760.0
357223,EXP,PLAST_RUB,TN,T,FR,2011,1110.0
357224,EXP,PLAST_RUB,TN,T,IT,2011,366.0
357225,EXP,PLAST_RUB,TN,T,PL,2011,24.0
359332,EXP,RUB,TN,T,DE,2011,127.0
359333,EXP,RUB,TN,T,EL,2011,23.0
359334,EXP,RUB,TN,T,ES,2011,65.0
359335,EXP,RUB,TN,T,EU27_2020,2011,1284.0
359336,EXP,RUB,TN,T,FR,2011,702.0
359337,EXP,RUB,TN,T,IT,2011,366.0
362704,EXP,TEXT,TN,T,AT,2011,524.0
362705,EXP,TEXT,TN,T,BE,2011,6032.0
362706,EXP,TEXT,TN,T,BG,2011,17.0
362707,EXP,TEXT,TN,T,DE,2011,13254.0
362708,EXP,TEXT,TN,T,DK,2011,0.0
362709,EXP,TEXT,TN,T,EL,2011,0.0
362710,EXP,TEXT,TN,T,ES,2011,418.0
362711,EXP,TEXT,TN,T,EU27_2020,2011,89737.0
362712,EXP,TEXT,TN,T,FR,2011,9736.0
362713,EXP,TEXT,TN,T,HU,2011,14.0
362714,EXP,TEXT,TN,T,IE,2011,1.0
362715,EXP,TEXT,TN,T,IT,2011,53075.0
362716,EXP,TEXT,TN,T,NL,2011,3521.0
362717,EXP,TEXT,TN,T,PL,2011,38.0
362718,EXP,TEXT,TN,T,PT,2011,2716.0
362719,EXP,TEXT,TN,T,SE,2011,3.0
362720,EXP,TEXT,TN,T,SI,2011,372.0
362721,EXP,TEXT,TN,T,SK,2011,18.0
364472,EXP,TEXT_NTL,TN,T,BE,2011,21.0
364473,EXP,TEXT_NTL,TN,T,DE,2011,56.0
364474,EXP,TEXT_NTL,TN,T,ES,2011,97.0
364475,EXP,TEXT_NTL,TN,T,EU27_2020,2011,7690.0
364476,EXP,TEXT_NTL,TN,T,FR,2011,2814.0
364477,EXP,TEXT_NTL,TN,T,IE,2011,0.0
364478,EXP,TEXT_NTL,TN,T,IT,2011,2655.0
364479,EXP,TEXT_NTL,TN,T,NL,2011,2048.0
364480,EXP,TEXT_NTL,TN,T,PT,2011,0.0
367602,EXP,TEXT_SYN,TN,T,AT,2011,524.0
367603,EXP,TEXT_SYN,TN,T,BE,2011,6011.0
367604,EXP,TEXT_SYN,TN,T,BG,2011,17.0
367605,EXP,TEXT_SYN,TN,T,DE,2011,13197.0
367606,EXP,TEXT_SYN,TN,T,DK,2011,0.0
367607,EXP,TEXT_SYN,TN,T,EL,2011,0.0
367608,EXP,TEXT_SYN,TN,T,ES,2011,322.0
367609,EXP,TEXT_SYN,TN,T,EU27_2020,2011,82048.0
367610,EXP,TEXT_SYN,TN,T,FR,2011,6922.0
367611,EXP,TEXT_SYN,TN,T,HU,2011,14.0
367612,EXP,TEXT_SYN,TN,T,IE,2011,1.0
367613,EXP,TEXT_SYN,TN,T,IT,2011,50421.0
367614,EXP,TEXT_SYN,TN,T,NL,2011,1473.0
367615,EXP,TEXT_SYN,TN,T,PL,2011,38.0
367616,EXP,TEXT_SYN,TN,T,PT,2011,2716.0
367617,EXP,TEXT_SYN,TN,T,SE,2011,3.0
367618,EXP,TEXT_SYN,TN,T,SI,2011,372.0
367619,EXP,TEXT_SYN,TN,T,SK,2011,18.0
371984,EXP,TOTAL,TN,T,AT,2011,524.0
371985,EXP,TOTAL,TN,T,BE,2011,6204.0
371986,EXP,TOTAL,TN,T,BG,2011,17.0
371987,EXP,TOTAL,TN,T,CY,2011,142.0
371988,EXP,TOTAL,TN,T,DE,2011,13905.0
371989,EXP,TOTAL,TN,T,DK,2011,0.0
371990,EXP,TOTAL,TN,T,EL,2011,47.0
371991,EXP,TOTAL,TN,T,ES,2011,4638.0
371992,EXP,TOTAL,TN,T,EU27_2020,2011,97279.0
371993,EXP,TOTAL,TN,T,FR,2011,11374.0
371994,EXP,TOTAL,TN,T,HU,2011,14.0
371995,EXP,TOTAL,TN,T,IE,2011,1.0
371996,EXP,TOTAL,TN,T,IT,2011,53672.0
371997,EXP,TOTAL,TN,T,NL,2011,3566.0
371998,EXP,TOTAL,TN,T,PL,2011,62.0
371999,EXP,TOTAL,TN,T,PT,2011,2722.0
372000,EXP,TOTAL,TN,T,SE,2011,3.0
372001,EXP,TOTAL,TN,T,SI,2011,372.0
372002,EXP,TOTAL,TN,T,SK,2011,18.0
373462,EXP,WD,TN,T,ES,2011,11.0
373463,EXP,WD,TN,T,EU27_2020,2011,11.0
373464,EXP,WD,TN,T,FR,2011,0.0
400280,EXP,GLAS,TN,T,EU27_2020,2006,200.0
400281,EXP,GLAS,TN,T,HR,2006,200.0
401032,EXP,MIN,TN,T,BE,2006,815.0
401033,EXP,MIN,TN,T,EU27_2020,2006,995.0
401034,EXP,MIN,TN,T,FR,2006,180.0
402620,EXP,MT,TN,T,BE,2006,183.0
402621,EXP,MT,TN,T,DE,2006,379.0
402622,EXP,MT,TN,T,ES,2006,49.0
402623,EXP,MT,TN,T,EU27_2020,2006,877.0
402624,EXP,MT,TN,T,FR,2006,5.0
402625,EXP,MT,TN,T,IT,2006,257.0
402626,EXP,MT,TN,T,NL,2006,5.0
402627,EXP,MT,TN,T,SE,2006,0.0
403970,EXP,MT_FER,TN,T,BE,2006,32.0
403971,EXP,MT_FER,TN,T,DE,2006,252.0
403972,EXP,MT_FER,TN,T,EU27_2020,2006,545.0
403973,EXP,MT_FER,TN,T,FR,2006,4.0
403974,EXP,MT_FER,TN,T,IT,2006,257.0
403975,EXP,MT_FER,TN,T,SE,2006,0.0
405316,EXP,MT_NFER,TN,T,BE,2006,151.0
405317,EXP,MT_NFER,TN,T,DE,2006,127.0
405318,EXP,MT_NFER,TN,T,ES,2006,49.0
405319,EXP,MT_NFER,TN,T,EU27_2020,2006,333.0
405320,EXP,MT_NFER,TN,T,FR,2006,1.0
405321,EXP,MT_NFER,TN,T,NL,2006,5.0
406390,EXP,MT_NFER_CAN,TN,T,BE,2006,101.0
406391,EXP,MT_NFER_CAN,TN,T,DE,2006,105.0
406392,EXP,MT_NFER_CAN,TN,T,ES,2006,49.0
406393,EXP,MT_NFER_CAN,TN,T,EU27_2020,2006,255.0
407350,EXP,MT_NFER_OTH,TN,T,BE,2006,50.0
407351,EXP,MT_NFER_OTH,TN,T,DE,2006,22.0
407352,EXP,MT_NFER_OTH,TN,T,EU27_2020,2006,78.0
407353,EXP,MT_NFER_OTH,TN,T,FR,2006,1.0
407354,EXP,MT_NFER_OTH,TN,T,NL,2006,5.0
408608,EXP,NSP,TN,T,BE,2006,2.0
408609,EXP,NSP,TN,T,EU27_2020,2006,124.0
408610,EXP,NSP,TN,T,FR,2006,120.0
408611,EXP,NSP,TN,T,IT,2006,2.0
409328,EXP,ORG,TN,T,BE,2006,96.0
409329,EXP,ORG,TN,T,EU27_2020,2006,96.0
410338,EXP,ORG_VEG,TN,T,BE,2006,96.0
410339,EXP,ORG_VEG,TN,T,EU27_2020,2006,96.0
411474,EXP,PAPER,TN,T,BE,2006,177.0
411475,EXP,PAPER,TN,T,DE,2006,2362.0
411476,EXP,PAPER,TN,T,ES,2006,3509.0
411477,EXP,PAPER,TN,T,EU27_2020,2006,11538.0
411478,EXP,PAPER,TN,T,FR,2006,17.0
411479,EXP,PAPER,TN,T,IT,2006,5422.0
411480,EXP,PAPER,TN,T,NL,2006,52.0
412682,EXP,PLAST,TN,T,EL,2006,73.0
412683,EXP,PLAST,TN,T,ES,2006,44.0
412684,EXP,PLAST,TN,T,EU27_2020,2006,240.0
412685,EXP,PLAST,TN,T,FR,2006,1.0
412686,EXP,PLAST,TN,T,IT,2006,62.0
412687,EXP,PLAST,TN,T,PT,2006,60.0
414792,EXP,PLAST_RUB,TN,T,AT,2006,1.0
414793,EXP,PLAST_RUB,TN,T,BE,2006,7.0
414794,EXP,PLAST_RUB,TN,T,DE,2006,4.0
414795,EXP,PLAST_RUB,TN,T,DK,2006,23.0
414796,EXP,PLAST_RUB,TN,T,EL,2006,73.0
414797,EXP,PLAST_RUB,TN,T,ES,2006,128.0
414798,EXP,PLAST_RUB,TN,T,EU27_2020,2006,918.0
414799,EXP,PLAST_RUB,TN,T,FR,2006,21.0
414800,EXP,PLAST_RUB,TN,T,IT,2006,598.0
414801,EXP,PLAST_RUB,TN,T,PT,2006,63.0
414802,EXP,PLAST_RUB,TN,T,SE,2006,0.0
416660,EXP,RUB,TN,T,AT,2006,1.0
416661,EXP,RUB,TN,T,BE,2006,7.0
416662,EXP,RUB,TN,T,DE,2006,4.0
416663,EXP,RUB,TN,T,DK,2006,23.0
416664,EXP,RUB,TN,T,ES,2006,84.0
416665,EXP,RUB,TN,T,EU27_2020,2006,677.0
416666,EXP,RUB,TN,T,FR,2006,20.0
416667,EXP,RUB,TN,T,IT,2006,536.0
416668,EXP,RUB,TN,T,PT,2006,3.0
416669,EXP,RUB,TN,T,SE,2006,0.0
419862,EXP,TEXT,TN,T,AT,2006,2335.0
419863,EXP,TEXT,TN,T,BE,2006,5860.0
419864,EXP,TEXT,TN,T,CZ,2006,187.0
419865,EXP,TEXT,TN,T,DE,2006,10671.0
419866,EXP,TEXT,TN,T,DK,2006,16.0
419867,EXP,TEXT,TN,T,EE,2006,81.0
419868,EXP,TEXT,TN,T,ES,2006,21.0
419869,EXP,TEXT,TN,T,EU27_2020,2006,82963.0
419870,EXP,TEXT,TN,T,FI,2006,13.0
419871,EXP,TEXT,TN,T,FR,2006,10377.0
419872,EXP,TEXT,TN,T,IE,2006,9.0
419873,EXP,TEXT,TN,T,IT,2006,46039.0
419874,EXP,TEXT,TN,T,LT,2006,750.0
419875,EXP,TEXT,TN,T,NL,2006,1851.0
419876,EXP,TEXT,TN,T,PL,2006,42.0
419877,EXP,TEXT,TN,T,PT,2006,701.0
419878,EXP,TEXT,TN,T,SE,2006,3898.0
419879,EXP,TEXT,TN,T,SI,2006,112.0
421646,EXP,TEXT_NTL,TN,T,BE,2006,763.0
421647,EXP,TEXT_NTL,TN,T,DE,2006,41.0
421648,EXP,TEXT_NTL,TN,T,ES,2006,0.0
421649,EXP,TEXT_NTL,TN,T,EU27_2020,2006,12419.0
421650,EXP,TEXT_NTL,TN,T,FR,2006,280.0
421651,EXP,TEXT_NTL,TN,T,IT,2006,10601.0
421652,EXP,TEXT_NTL,TN,T,NL,2006,523.0
421653,EXP,TEXT_NTL,TN,T,PT,2006,0.0
421654,EXP,TEXT_NTL,TN,T,SE,2006,210.0
424614,EXP,TEXT_SYN,TN,T,AT,2006,2335.0
424615,EXP,TEXT_SYN,TN,T,BE,2006,5098.0
424616,EXP,TEXT_SYN,TN,T,CZ,2006,187.0
424617,EXP,TEXT_SYN,TN,T,DE,2006,10630.0
424618,EXP,TEXT_SYN,TN,T,DK,2006,16.0
424619,EXP,TEXT_SYN,TN,T,EE,2006,81.0
424620,EXP,TEXT_SYN,TN,T,ES,2006,21.0
424621,EXP,TEXT_SYN,TN,T,EU27_2020,2006,70545.0
424622,EXP,TEXT_SYN,TN,T,FI,2006,13.0
424623,EXP,TEXT_SYN,TN,T,FR,2006,10097.0
424624,EXP,TEXT_SYN,TN,T,IE,2006,9.0
424625,EXP,TEXT_SYN,TN,T,IT,2006,35438.0
424626,EXP,TEXT_SYN,TN,T,LT,2006,750.0
424627,EXP,TEXT_SYN,TN,T,NL,2006,1329.0
424628,EXP,TEXT_SYN,TN,T,PL,2006,42.0
424629,EXP,TEXT_SYN,TN,T,PT,2006,701.0
424630,EXP,TEXT_SYN,TN,T,SE,2006,3688.0
424631,EXP,TEXT_SYN,TN,T,SI,2006,112.0
428874,EXP,TOTAL,TN,T,AT,2006,2336.0
428875,EXP,TOTAL,TN,T,BE,2006,7141.0
428876,EXP,TOTAL,TN,T,CZ,2006,187.0
428877,EXP,TOTAL,TN,T,DE,2006,13416.0
428878,EXP,TOTAL,TN,T,DK,2006,39.0
428879,EXP,TOTAL,TN,T,EE,2006,81.0
428880,EXP,TOTAL,TN,T,EL,2006,73.0
428881,EXP,TOTAL,TN,T,ES,2006,3707.0
428882,EXP,TOTAL,TN,T,EU27_2020,2006,97750.0
428883,EXP,TOTAL,TN,T,FI,2006,13.0
428884,EXP,TOTAL,TN,T,FR,2006,10728.0
428885,EXP,TOTAL,TN,T,HR,2006,200.0
428886,EXP,TOTAL,TN,T,IE,2006,9.0
428887,EXP,TOTAL,TN,T,IT,2006,52348.0
428888,EXP,TOTAL,TN,T,LT,2006,750.0
428889,EXP,TOTAL,TN,T,NL,2006,1909.0
428890,EXP,TOTAL,TN,T,PL,2006,42.0
428891,EXP,TOTAL,TN,T,PT,2006,764.0
428892,EXP,TOTAL,TN,T,SE,2006,3899.0
428893,EXP,TOTAL,TN,T,SI,2006,112.0
430220,EXP,WD,TN,T,EU27_2020,2006,38.0
430221,EXP,WD,TN,T,FR,2006,8.0
430222,EXP,WD,TN,T,IT,2006,30.0
454452,EXP,GLAS,TN,T,EU27_2020,2008,113.0
454453,EXP,GLAS,TN,T,MT,2008,113.0
455158,EXP,MIN,TN,T,BE,2008,2349.0
455159,EXP,MIN,TN,T,EL,2008,2.0
455160,EXP,MIN,TN,T,EU27_2020,2008,2861.0
455161,EXP,MIN,TN,T,FR,2008,502.0
455162,EXP,MIN,TN,T,NL,2008,8.0
456814,EXP,MT,TN,T,BE,2008,106.0
456815,EXP,MT,TN,T,DE,2008,890.0
456816,EXP,MT,TN,T,EU27_2020,2008,1577.0
456817,EXP,MT,TN,T,FR,2008,517.0
456818,EXP,MT,TN,T,IT,2008,54.0
456819,EXP,MT,TN,T,NL,2008,10.0
458262,EXP,MT_FER,TN,T,BE,2008,24.0
458263,EXP,MT_FER,TN,T,DE,2008,780.0
458264,EXP,MT_FER,TN,T,EU27_2020,2008,1339.0
458265,EXP,MT_FER,TN,T,FR,2008,481.0
458266,EXP,MT_FER,TN,T,IT,2008,54.0
459626,EXP,MT_NFER,TN,T,BE,2008,81.0
459627,EXP,MT_NFER,TN,T,DE,2008,110.0
459628,EXP,MT_NFER,TN,T,EU27_2020,2008,238.0
459629,EXP,MT_NFER,TN,T,FR,2008,37.0
459630,EXP,MT_NFER,TN,T,NL,2008,10.0
460754,EXP,MT_NFER_CAN,TN,T,BE,2008,51.0
460755,EXP,MT_NFER_CAN,TN,T,DE,2008,40.0
460756,EXP,MT_NFER_CAN,TN,T,EU27_2020,2008,128.0
460757,EXP,MT_NFER_CAN,TN,T,FR,2008,36.0
461668,EXP,MT_NFER_OTH,TN,T,BE,2008,30.0
461669,EXP,MT_NFER_OTH,TN,T,DE,2008,70.0
461670,EXP,MT_NFER_OTH,TN,T,EU27_2020,2008,111.0
461671,EXP,MT_NFER_OTH,TN,T,FR,2008,1.0
461672,EXP,MT_NFER_OTH,TN,T,NL,2008,10.0
462982,EXP,NSP,TN,T,AT,2008,40.0
462983,EXP,NSP,TN,T,ES,2008,2.0
462984,EXP,NSP,TN,T,EU27_2020,2008,88.0
462985,EXP,NSP,TN,T,FR,2008,33.0
462986,EXP,NSP,TN,T,IT,2008,14.0
463734,EXP,ORG,TN,T,BE,2008,133.0
463735,EXP,ORG,TN,T,EU27_2020,2008,143.0
463736,EXP,ORG,TN,T,FR,2008,9.0
464758,EXP,ORG_VEG,TN,T,BE,2008,133.0
464759,EXP,ORG_VEG,TN,T,EU27_2020,2008,143.0
464760,EXP,ORG_VEG,TN,T,FR,2008,9.0
465904,EXP,PAPER,TN,T,DK,2008,9.0
465905,EXP,PAPER,TN,T,ES,2008,4252.0
465906,EXP,PAPER,TN,T,EU27_2020,2008,4579.0
465907,EXP,PAPER,TN,T,FR,2008,32.0
465908,EXP,PAPER,TN,T,NL,2008,287.0
467164,EXP,PLAST,TN,T,DE,2008,21.0
467165,EXP,PLAST,TN,T,ES,2008,22.0
467166,EXP,PLAST,TN,T,EU27_2020,2008,374.0
467167,EXP,PLAST,TN,T,FR,2008,166.0
467168,EXP,PLAST,TN,T,IT,2008,165.0
469386,EXP,PLAST_RUB,TN,T,DE,2008,21.0
469387,EXP,PLAST_RUB,TN,T,ES,2008,110.0
469388,EXP,PLAST_RUB,TN,T,EU27_2020,2008,1405.0
469389,EXP,PLAST_RUB,TN,T,FR,2008,376.0
469390,EXP,PLAST_RUB,TN,T,IT,2008,899.0
471276,EXP,RUB,TN,T,ES,2008,87.0
471277,EXP,RUB,TN,T,EU27_2020,2008,1031.0
471278,EXP,RUB,TN,T,FR,2008,209.0
471279,EXP,RUB,TN,T,IT,2008,734.0
474636,EXP,TEXT,TN,T,AT,2008,569.0
474637,EXP,TEXT,TN,T,BE,2008,7882.0
474638,EXP,TEXT,TN,T,BG,2008,56.0
474639,EXP,TEXT,TN,T,CZ,2008,424.0
474640,EXP,TEXT,TN,T,DE,2008,13318.0
474641,EXP,TEXT,TN,T,DK,2008,11.0
474642,EXP,TEXT,TN,T,EE,2008,24.0
474643,EXP,TEXT,TN,T,ES,2008,194.0
474644,EXP,TEXT,TN,T,EU27_2020,2008,105200.0
474645,EXP,TEXT,TN,T,FR,2008,18178.0
474646,EXP,TEXT,TN,T,HU,2008,18.0
474647,EXP,TEXT,TN,T,IE,2008,0.0
474648,EXP,TEXT,TN,T,IT,2008,58073.0
474649,EXP,TEXT,TN,T,NL,2008,3657.0
474650,EXP,TEXT,TN,T,PL,2008,152.0
474651,EXP,TEXT,TN,T,PT,2008,1757.0
474652,EXP,TEXT,TN,T,SE,2008,790.0
474653,EXP,TEXT,TN,T,SI,2008,98.0
474654,EXP,TEXT,TN,T,SK,2008,0.0
476454,EXP,TEXT_NTL,TN,T,AT,2008,15.0
476455,EXP,TEXT_NTL,TN,T,BE,2008,638.0
476456,EXP,TEXT_NTL,TN,T,DE,2008,41.0
476457,EXP,TEXT_NTL,TN,T,ES,2008,71.0
476458,EXP,TEXT_NTL,TN,T,EU27_2020,2008,17731.0
476459,EXP,TEXT_NTL,TN,T,FR,2008,1098.0
476460,EXP,TEXT_NTL,TN,T,IE,2008,0.0
476461,EXP,TEXT_NTL,TN,T,IT,2008,15840.0
476462,EXP,TEXT_NTL,TN,T,NL,2008,28.0
479548,EXP,TEXT_SYN,TN,T,AT,2008,554.0
479549,EXP,TEXT_SYN,TN,T,BE,2008,7244.0
479550,EXP,TEXT_SYN,TN,T,BG,2008,56.0
479551,EXP,TEXT_SYN,TN,T,CZ,2008,424.0
479552,EXP,TEXT_SYN,TN,T,DE,2008,13276.0
479553,EXP,TEXT_SYN,TN,T,DK,2008,11.0
479554,EXP,TEXT_SYN,TN,T,EE,2008,24.0
479555,EXP,TEXT_SYN,TN,T,ES,2008,124.0
479556,EXP,TEXT_SYN,TN,T,EU27_2020,2008,87469.0
479557,EXP,TEXT_SYN,TN,T,FR,2008,17080.0
479558,EXP,TEXT_SYN,TN,T,HU,2008,18.0
479559,EXP,TEXT_SYN,TN,T,IE,2008,0.0
479560,EXP,TEXT_SYN,TN,T,IT,2008,42233.0
479561,EXP,TEXT_SYN,TN,T,NL,2008,3629.0
479562,EXP,TEXT_SYN,TN,T,PL,2008,152.0
479563,EXP,TEXT_SYN,TN,T,PT,2008,1757.0
479564,EXP,TEXT_SYN,TN,T,SE,2008,790.0
479565,EXP,TEXT_SYN,TN,T,SI,2008,98.0
479566,EXP,TEXT_SYN,TN,T,SK,2008,0.0
483954,EXP,TOTAL,TN,T,AT,2008,609.0
483955,EXP,TOTAL,TN,T,BE,2008,10470.0
483956,EXP,TOTAL,TN,T,BG,2008,56.0
483957,EXP,TOTAL,TN,T,CZ,2008,424.0
483958,EXP,TOTAL,TN,T,DE,2008,14228.0
483959,EXP,TOTAL,TN,T,DK,2008,19.0
483960,EXP,TOTAL,TN,T,EE,2008,24.0
483961,EXP,TOTAL,TN,T,EL,2008,2.0
483962,EXP,TOTAL,TN,T,ES,2008,4558.0
483963,EXP,TOTAL,TN,T,EU27_2020,2008,115986.0
483964,EXP,TOTAL,TN,T,FR,2008,19667.0
483965,EXP,TOTAL,TN,T,HU,2008,18.0
483966,EXP,TOTAL,TN,T,IE,2008,0.0
483967,EXP,TOTAL,TN,T,IT,2008,59040.0
483968,EXP,TOTAL,TN,T,MT,2008,113.0
483969,EXP,TOTAL,TN,T,NL,2008,3962.0
483970,EXP,TOTAL,TN,T,PL,2008,152.0
483971,EXP,TOTAL,TN,T,PT,2008,1757.0
483972,EXP,TOTAL,TN,T,SE,2008,790.0
483973,EXP,TOTAL,TN,T,SI,2008,98.0
483974,EXP,TOTAL,TN,T,SK,2008,0.0
485362,EXP,WD,TN,T,EU27_2020,2008,21.0
485363,EXP,WD,TN,T,FR,2008,20.0
485364,EXP,WD,TN,T,IT,2008,1.0
510930,EXP,GLAS,TN,T,EU27_2020,2021,2.0
510931,EXP,GLAS,TN,T,IT,2021,2.0
511676,EXP,MIN,TN,T,DE,2021,16104.0
511677,EXP,MIN,TN,T,EU27_2020,2021,16115.0
511678,EXP,MIN,TN,T,FR,2021,0.0
511679,EXP,MIN,TN,T,IT,2021,10.0
513446,EXP,MT,TN,T,BE,2021,0.0
513447,EXP,MT,TN,T,DE,2021,0.0
513448,EXP,MT,TN,T,EU27_2020,2021,8.0
513449,EXP,MT,TN,T,FR,2021,4.0
513450,EXP,MT,TN,T,IT,2021,0.0
513451,EXP,MT,TN,T,NL,2021,3.0
514620,EXP,MT_FER,TN,T,EU27_2020,2021,4.0
514621,EXP,MT_FER,TN,T,FR,2021,4.0
516280,EXP,MT_NFER,TN,T,BE,2021,0.0
516281,EXP,MT_NFER,TN,T,DE,2021,0.0
516282,EXP,MT_NFER,TN,T,EU27_2020,2021,4.0
516283,EXP,MT_NFER,TN,T,FR,2021,0.0
516284,EXP,MT_NFER,TN,T,IT,2021,0.0
516285,EXP,MT_NFER,TN,T,NL,2021,3.0
518816,EXP,MT_NFER_OTH,TN,T,BE,2021,0.0
518817,EXP,MT_NFER_OTH,TN,T,DE,2021,0.0
518818,EXP,MT_NFER_OTH,TN,T,EU27_2020,2021,4.0
518819,EXP,MT_NFER_OTH,TN,T,FR,2021,0.0
518820,EXP,MT_NFER_OTH,TN,T,IT,2021,0.0
518821,EXP,MT_NFER_OTH,TN,T,NL,2021,3.0
520314,EXP,NSP,TN,T,ES,2021,0.0
520315,EXP,NSP,TN,T,EU27_2020,2021,111.0
520316,EXP,NSP,TN,T,FR,2021,111.0
520317,EXP,NSP,TN,T,IT,2021,1.0
521324,EXP,ORG,TN,T,BE,2021,0.0
521325,EXP,ORG,TN,T,ES,2021,0.0
521326,EXP,ORG,TN,T,EU27_2020,2021,11.0
521327,EXP,ORG,TN,T,FR,2021,11.0
521328,EXP,ORG,TN,T,IT,2021,0.0
521942,EXP,ORG_ANI,TN,T,EU27_2020,2021,0.0
521943,EXP,ORG_ANI,TN,T,FR,2021,0.0
521944,EXP,ORG_ANI,TN,T,IT,2021,0.0
522732,EXP,ORG_VEG,TN,T,BE,2021,0.0
522733,EXP,ORG_VEG,TN,T,ES,2021,0.0
522734,EXP,ORG_VEG,TN,T,EU27_2020,2021,11.0
522735,EXP,ORG_VEG,TN,T,FR,2021,11.0
523876,EXP,PAPER,TN,T,ES,2021,2178.0
523877,EXP,PAPER,TN,T,EU27_2020,2021,2228.0
523878,EXP,PAPER,TN,T,FR,2021,23.0
523879,EXP,PAPER,TN,T,NL,2021,27.0
524990,EXP,PLAST,TN,T,ES,2021,2.0
524991,EXP,PLAST,TN,T,EU27_2020,2021,429.0
524992,EXP,PLAST,TN,T,FR,2021,241.0
524993,EXP,PLAST,TN,T,IT,2021,186.0
527282,EXP,PLAST_RUB,TN,T,EL,2021,46.0
527283,EXP,PLAST_RUB,TN,T,ES,2021,1000.0
527284,EXP,PLAST_RUB,TN,T,EU27_2020,2021,1522.0
527285,EXP,PLAST_RUB,TN,T,FR,2021,241.0
527286,EXP,PLAST_RUB,TN,T,IT,2021,235.0
527287,EXP,PLAST_RUB,TN,T,PT,2021,0.0
529356,EXP,RUB,TN,T,EL,2021,46.0
529357,EXP,RUB,TN,T,ES,2021,998.0
529358,EXP,RUB,TN,T,EU27_2020,2021,1093.0
529359,EXP,RUB,TN,T,IT,2021,49.0
529360,EXP,RUB,TN,T,PT,2021,0.0
532926,EXP,TEXT,TN,T,AT,2021,285.0
532927,EXP,TEXT,TN,T,BE,2021,890.0
532928,EXP,TEXT,TN,T,DE,2021,22056.0
532929,EXP,TEXT,TN,T,EL,2021,43.0
532930,EXP,TEXT,TN,T,ES,2021,545.0
532931,EXP,TEXT,TN,T,EU27_2020,2021,106668.0
532932,EXP,TEXT,TN,T,FR,2021,24739.0
532933,EXP,TEXT,TN,T,HR,2021,19.0
532934,EXP,TEXT,TN,T,HU,2021,19.0
532935,EXP,TEXT,TN,T,IE,2021,0.0
532936,EXP,TEXT,TN,T,IT,2021,46620.0
532937,EXP,TEXT,TN,T,LU,2021,0.0
532938,EXP,TEXT,TN,T,MT,2021,280.0
532939,EXP,TEXT,TN,T,NL,2021,8779.0
532940,EXP,TEXT,TN,T,PT,2021,139.0
532941,EXP,TEXT,TN,T,RO,2021,0.0
532942,EXP,TEXT,TN,T,SE,2021,40.0
532943,EXP,TEXT,TN,T,SI,2021,2213.0
534792,EXP,TEXT_NTL,TN,T,DE,2021,12.0
534793,EXP,TEXT_NTL,TN,T,ES,2021,0.0
534794,EXP,TEXT_NTL,TN,T,EU27_2020,2021,3938.0
534795,EXP,TEXT_NTL,TN,T,FR,2021,413.0
534796,EXP,TEXT_NTL,TN,T,IE,2021,0.0
534797,EXP,TEXT_NTL,TN,T,IT,2021,3513.0
534798,EXP,TEXT_NTL,TN,T,PT,2021,0.0
534799,EXP,TEXT_NTL,TN,T,SE,2021,0.0
538164,EXP,TEXT_SYN,TN,T,AT,2021,285.0
538165,EXP,TEXT_SYN,TN,T,BE,2021,890.0
538166,EXP,TEXT_SYN,TN,T,DE,2021,22044.0
538167,EXP,TEXT_SYN,TN,T,EL,2021,43.0
538168,EXP,TEXT_SYN,TN,T,ES,2021,545.0
538169,EXP,TEXT_SYN,TN,T,EU27_2020,2021,102730.0
538170,EXP,TEXT_SYN,TN,T,FR,2021,24326.0
538171,EXP,TEXT_SYN,TN,T,HR,2021,19.0
538172,EXP,TEXT_SYN,TN,T,HU,2021,19.0
538173,EXP,TEXT_SYN,TN,T,IE,2021,0.0
538174,EXP,TEXT_SYN,TN,T,IT,2021,43107.0
538175,EXP,TEXT_SYN,TN,T,LU,2021,0.0
538176,EXP,TEXT_SYN,TN,T,MT,2021,280.0
538177,EXP,TEXT_SYN,TN,T,NL,2021,8779.0
538178,EXP,TEXT_SYN,TN,T,PT,2021,139.0
538179,EXP,TEXT_SYN,TN,T,RO,2021,0.0
538180,EXP,TEXT_SYN,TN,T,SE,2021,40.0
538181,EXP,TEXT_SYN,TN,T,SI,2021,2213.0
542776,EXP,TOTAL,TN,T,AT,2021,285.0
542777,EXP,TOTAL,TN,T,BE,2021,891.0
542778,EXP,TOTAL,TN,T,DE,2021,38182.0
542779,EXP,TOTAL,TN,T,EL,2021,90.0
542780,EXP,TOTAL,TN,T,ES,2021,3723.0
542781,EXP,TOTAL,TN,T,EU27_2020,2021,126697.0
542782,EXP,TOTAL,TN,T,FR,2021,25139.0
542783,EXP,TOTAL,TN,T,HR,2021,19.0
542784,EXP,TOTAL,TN,T,HU,2021,19.0
542785,EXP,TOTAL,TN,T,IE,2021,0.0
542786,EXP,TOTAL,TN,T,IT,2021,46868.0
542787,EXP,TOTAL,TN,T,LU,2021,0.0
542788,EXP,TOTAL,TN,T,MT,2021,280.0
542789,EXP,TOTAL,TN,T,NL,2021,8809.0
542790,EXP,TOTAL,TN,T,PT,2021,139.0
542791,EXP,TOTAL,TN,T,RO,2021,0.0
542792,EXP,TOTAL,TN,T,SE,2021,40.0
542793,EXP,TOTAL,TN,T,SI,2021,2213.0
544364,EXP,WD,TN,T,DE,2021,21.0
544365,EXP,WD,TN,T,EU27_2020,2021,32.0
544366,EXP,WD,TN,T,FR,2021,11.0
576236,EXP,GLAS,TN,T,DE,2017,0.0
576237,EXP,GLAS,TN,T,EU27_2020,2017,0.0
577002,EXP,MIN,TN,T,BE,2017,0.0
577003,EXP,MIN,TN,T,DE,2017,891.0
577004,EXP,MIN,TN,T,ES,2017,17601.0
577005,EXP,MIN,TN,T,EU27_2020,2017,18492.0
578554,EXP,MT,TN,T,BE,2017,0.0
578555,EXP,MT,TN,T,EU27_2020,2017,622.0
578556,EXP,MT,TN,T,FR,2017,596.0
578557,EXP,MT,TN,T,HU,2017,2.0
578558,EXP,MT,TN,T,IT,2017,19.0
578559,EXP,MT,TN,T,NL,2017,5.0
579620,EXP,MT_FER,TN,T,BE,2017,0.0
579621,EXP,MT_FER,TN,T,EU27_2020,2017,19.0
579622,EXP,MT_FER,TN,T,FR,2017,13.0
579623,EXP,MT_FER,TN,T,IT,2017,6.0
581064,EXP,MT_NFER,TN,T,BE,2017,0.0
581065,EXP,MT_NFER,TN,T,EU27_2020,2017,603.0
581066,EXP,MT_NFER,TN,T,FR,2017,583.0
581067,EXP,MT_NFER,TN,T,HU,2017,2.0
581068,EXP,MT_NFER,TN,T,IT,2017,13.0
581069,EXP,MT_NFER,TN,T,NL,2017,5.0
582122,EXP,MT_NFER_CAN,TN,T,EU27_2020,2017,598.0
582123,EXP,MT_NFER_CAN,TN,T,FR,2017,583.0
582124,EXP,MT_NFER_CAN,TN,T,HU,2017,2.0
582125,EXP,MT_NFER_CAN,TN,T,IT,2017,13.0
583268,EXP,MT_NFER_OTH,TN,T,BE,2017,0.0
583269,EXP,MT_NFER_OTH,TN,T,EU27_2020,2017,5.0
583270,EXP,MT_NFER_OTH,TN,T,FR,2017,0.0
583271,EXP,MT_NFER_OTH,TN,T,NL,2017,5.0
583810,EXP,MT_NFER_PRE,TN,T,BE,2017,0.0
583811,EXP,MT_NFER_PRE,TN,T,EU27_2020,2017,0.0
584796,EXP,NSP,TN,T,ES,2017,0.0
584797,EXP,NSP,TN,T,EU27_2020,2017,195.0
584798,EXP,NSP,TN,T,FR,2017,192.0
584799,EXP,NSP,TN,T,IT,2017,1.0
584800,EXP,NSP,TN,T,NL,2017,2.0
585758,EXP,ORG,TN,T,AT,2017,0.0
585759,EXP,ORG,TN,T,BE,2017,3.0
585760,EXP,ORG,TN,T,ES,2017,16.0
585761,EXP,ORG,TN,T,EU27_2020,2017,21.0
585762,EXP,ORG,TN,T,FR,2017,0.0
585763,EXP,ORG,TN,T,IT,2017,1.0
585764,EXP,ORG,TN,T,NL,2017,0.0
586424,EXP,ORG_ANI,TN,T,EU27_2020,2017,0.0
586425,EXP,ORG_ANI,TN,T,NL,2017,0.0
587120,EXP,ORG_VEG,TN,T,AT,2017,0.0
587121,EXP,ORG_VEG,TN,T,BE,2017,3.0
587122,EXP,ORG_VEG,TN,T,ES,2017,16.0
587123,EXP,ORG_VEG,TN,T,EU27_2020,2017,20.0
587124,EXP,ORG_VEG,TN,T,FR,2017,0.0
587125,EXP,ORG_VEG,TN,T,IT,2017,1.0
588386,EXP,PAPER,TN,T,DE,2017,112.0
588387,EXP,PAPER,TN,T,ES,2017,3414.0
588388,EXP,PAPER,TN,T,EU27_2020,2017,3526.0
588389,EXP,PAPER,TN,T,SE,2017,0.0
589752,EXP,PLAST,TN,T,ES,2017,1020.0
589753,EXP,PLAST,TN,T,EU27_2020,2017,1162.0
589754,EXP,PLAST,TN,T,FR,2017,68.0
589755,EXP,PLAST,TN,T,IT,2017,39.0
589756,EXP,PLAST,TN,T,PT,2017,35.0
592280,EXP,PLAST_RUB,TN,T,BE,2017,175.0
592281,EXP,PLAST_RUB,TN,T,BG,2017,0.0
592282,EXP,PLAST_RUB,TN,T,DE,2017,121.0
592283,EXP,PLAST_RUB,TN,T,EL,2017,24.0
592284,EXP,PLAST_RUB,TN,T,ES,2017,1674.0
592285,EXP,PLAST_RUB,TN,T,EU27_2020,2017,4231.0
592286,EXP,PLAST_RUB,TN,T,FR,2017,866.0
592287,EXP,PLAST_RUB,TN,T,IT,2017,1335.0
592288,EXP,PLAST_RUB,TN,T,PT,2017,35.0
594420,EXP,RUB,TN,T,BE,2017,175.0
594421,EXP,RUB,TN,T,BG,2017,0.0
594422,EXP,RUB,TN,T,DE,2017,121.0
594423,EXP,RUB,TN,T,EL,2017,24.0
594424,EXP,RUB,TN,T,ES,2017,654.0
594425,EXP,RUB,TN,T,EU27_2020,2017,3069.0
594426,EXP,RUB,TN,T,FR,2017,798.0
594427,EXP,RUB,TN,T,IT,2017,1296.0
597888,EXP,TEXT,TN,T,BE,2017,1931.0
597889,EXP,TEXT,TN,T,BG,2017,70.0
597890,EXP,TEXT,TN,T,DE,2017,19456.0
597891,EXP,TEXT,TN,T,DK,2017,20.0
597892,EXP,TEXT,TN,T,ES,2017,1081.0
597893,EXP,TEXT,TN,T,EU27_2020,2017,117727.0
597894,EXP,TEXT,TN,T,FI,2017,0.0
597895,EXP,TEXT,TN,T,FR,2017,28480.0
597896,EXP,TEXT,TN,T,HU,2017,147.0
597897,EXP,TEXT,TN,T,IE,2017,0.0
597898,EXP,TEXT,TN,T,IT,2017,54439.0
597899,EXP,TEXT,TN,T,MT,2017,756.0
597900,EXP,TEXT,TN,T,NL,2017,6608.0
597901,EXP,TEXT,TN,T,PL,2017,837.0
597902,EXP,TEXT,TN,T,PT,2017,2429.0
597903,EXP,TEXT,TN,T,SE,2017,156.0
597904,EXP,TEXT,TN,T,SI,2017,1265.0
597905,EXP,TEXT,TN,T,SK,2017,53.0
599778,EXP,TEXT_NTL,TN,T,BE,2017,183.0
599779,EXP,TEXT_NTL,TN,T,DE,2017,77.0
599780,EXP,TEXT_NTL,TN,T,ES,2017,14.0
599781,EXP,TEXT_NTL,TN,T,EU27_2020,2017,9803.0
599782,EXP,TEXT_NTL,TN,T,FR,2017,5680.0
599783,EXP,TEXT_NTL,TN,T,IT,2017,2221.0
599784,EXP,TEXT_NTL,TN,T,NL,2017,1628.0
599785,EXP,TEXT_NTL,TN,T,PL,2017,0.0
599786,EXP,TEXT_NTL,TN,T,SE,2017,0.0
602942,EXP,TEXT_SYN,TN,T,BE,2017,1748.0
602943,EXP,TEXT_SYN,TN,T,BG,2017,70.0
602944,EXP,TEXT_SYN,TN,T,DE,2017,19379.0
602945,EXP,TEXT_SYN,TN,T,DK,2017,20.0
602946,EXP,TEXT_SYN,TN,T,ES,2017,1067.0
602947,EXP,TEXT_SYN,TN,T,EU27_2020,2017,107924.0
602948,EXP,TEXT_SYN,TN,T,FI,2017,0.0
602949,EXP,TEXT_SYN,TN,T,FR,2017,22800.0
602950,EXP,TEXT_SYN,TN,T,HU,2017,147.0
602951,EXP,TEXT_SYN,TN,T,IE,2017,0.0
602952,EXP,TEXT_SYN,TN,T,IT,2017,52218.0
602953,EXP,TEXT_SYN,TN,T,MT,2017,756.0
602954,EXP,TEXT_SYN,TN,T,NL,2017,4980.0
602955,EXP,TEXT_SYN,TN,T,PL,2017,837.0
602956,EXP,TEXT_SYN,TN,T,PT,2017,2429.0
602957,EXP,TEXT_SYN,TN,T,SE,2017,156.0
602958,EXP,TEXT_SYN,TN,T,SI,2017,1265.0
602959,EXP,TEXT_SYN,TN,T,SK,2017,53.0
607520,EXP,TOTAL,TN,T,AT,2017,0.0
607521,EXP,TOTAL,TN,T,BE,2017,2110.0
607522,EXP,TOTAL,TN,T,BG,2017,70.0
607523,EXP,TOTAL,TN,T,DE,2017,20608.0
607524,EXP,TOTAL,TN,T,DK,2017,20.0
607525,EXP,TOTAL,TN,T,EL,2017,24.0
607526,EXP,TOTAL,TN,T,ES,2017,23787.0
607527,EXP,TOTAL,TN,T,EU27_2020,2017,144848.0
607528,EXP,TOTAL,TN,T,FI,2017,0.0
607529,EXP,TOTAL,TN,T,FR,2017,30140.0
607530,EXP,TOTAL,TN,T,HU,2017,149.0
607531,EXP,TOTAL,TN,T,IE,2017,0.0
607532,EXP,TOTAL,TN,T,IT,2017,55796.0
607533,EXP,TOTAL,TN,T,MT,2017,756.0
607534,EXP,TOTAL,TN,T,NL,2017,6614.0
607535,EXP,TOTAL,TN,T,PL,2017,837.0
607536,EXP,TOTAL,TN,T,PT,2017,2464.0
607537,EXP,TOTAL,TN,T,SE,2017,156.0
607538,EXP,TOTAL,TN,T,SI,2017,1265.0
607539,EXP,TOTAL,TN,T,SK,2017,53.0
609092,EXP,WD,TN,T,BE,2017,0.0
609093,EXP,WD,TN,T,DE,2017,28.0
609094,EXP,WD,TN,T,EU27_2020,2017,35.0
609095,EXP,WD,TN,T,FR,2017,6.0
609096,EXP,WD,TN,T,IE,2017,0.0
638846,EXP,MIN,TN,T,DE,2020,105.0
638847,EXP,MIN,TN,T,ES,2020,113.0
638848,EXP,MIN,TN,T,EU27_2020,2020,228.0
638849,EXP,MIN,TN,T,IT,2020,10.0
640568,EXP,MT,TN,T,BE,2020,6.0
640569,EXP,MT,TN,T,DE,2020,1.0
640570,EXP,MT,TN,T,EU27_2020,2020,9.0
640571,EXP,MT,TN,T,FR,2020,0.0
640572,EXP,MT,TN,T,IT,2020,1.0
640573,EXP,MT,TN,T,NL,2020,2.0
641754,EXP,MT_FER,TN,T,EU27_2020,2020,0.0
641755,EXP,MT_FER,TN,T,FR,2020,0.0
643362,EXP,MT_NFER,TN,T,BE,2020,6.0
643363,EXP,MT_NFER,TN,T,DE,2020,1.0
643364,EXP,MT_NFER,TN,T,EU27_2020,2020,9.0
643365,EXP,MT_NFER,TN,T,FR,2020,0.0
643366,EXP,MT_NFER,TN,T,IT,2020,1.0
643367,EXP,MT_NFER,TN,T,NL,2020,2.0
645836,EXP,MT_NFER_OTH,TN,T,BE,2020,6.0
645837,EXP,MT_NFER_OTH,TN,T,DE,2020,1.0
645838,EXP,MT_NFER_OTH,TN,T,EU27_2020,2020,9.0
645839,EXP,MT_NFER_OTH,TN,T,FR,2020,0.0
645840,EXP,MT_NFER_OTH,TN,T,IT,2020,1.0
645841,EXP,MT_NFER_OTH,TN,T,NL,2020,2.0
647402,EXP,NSP,TN,T,BE,2020,26.0
647403,EXP,NSP,TN,T,EU27_2020,2020,8238.0
647404,EXP,NSP,TN,T,FR,2020,93.0
647405,EXP,NSP,TN,T,IT,2020,8119.0
647406,EXP,NSP,TN,T,SE,2020,0.0
648344,EXP,ORG,TN,T,EU27_2020,2020,6.0
648345,EXP,ORG,TN,T,FR,2020,6.0
648346,EXP,ORG,TN,T,IE,2020,0.0
648930,EXP,ORG_ANI,TN,T,EU27_2020,2020,2.0
648931,EXP,ORG_ANI,TN,T,FR,2020,2.0
649652,EXP,ORG_VEG,TN,T,EU27_2020,2020,5.0
649653,EXP,ORG_VEG,TN,T,FR,2020,5.0
649654,EXP,ORG_VEG,TN,T,IE,2020,0.0
650864,EXP,PAPER,TN,T,ES,2020,1002.0
650865,EXP,PAPER,TN,T,EU27_2020,2020,1293.0
650866,EXP,PAPER,TN,T,IT,2020,291.0
650867,EXP,PAPER,TN,T,SE,2020,0.0
652188,EXP,PLAST,TN,T,ES,2020,49.0
652189,EXP,PLAST,TN,T,EU27_2020,2020,149.0
652190,EXP,PLAST,TN,T,FR,2020,97.0
652191,EXP,PLAST,TN,T,IE,2020,0.0
652192,EXP,PLAST,TN,T,IT,2020,4.0
654702,EXP,PLAST_RUB,TN,T,BE,2020,38.0
654703,EXP,PLAST_RUB,TN,T,DE,2020,292.0
654704,EXP,PLAST_RUB,TN,T,DK,2020,145.0
654705,EXP,PLAST_RUB,TN,T,ES,2020,962.0
654706,EXP,PLAST_RUB,TN,T,EU27_2020,2020,2330.0
654707,EXP,PLAST_RUB,TN,T,FR,2020,780.0
654708,EXP,PLAST_RUB,TN,T,IE,2020,0.0
654709,EXP,PLAST_RUB,TN,T,IT,2020,112.0
656842,EXP,RUB,TN,T,BE,2020,38.0
656843,EXP,RUB,TN,T,DE,2020,292.0
656844,EXP,RUB,TN,T,DK,2020,145.0
656845,EXP,RUB,TN,T,ES,2020,913.0
656846,EXP,RUB,TN,T,EU27_2020,2020,2180.0
656847,EXP,RUB,TN,T,FR,2020,683.0
656848,EXP,RUB,TN,T,IT,2020,109.0
660250,EXP,TEXT,TN,T,AT,2020,119.0
660251,EXP,TEXT,TN,T,BE,2020,962.0
660252,EXP,TEXT,TN,T,DE,2020,20856.0
660253,EXP,TEXT,TN,T,ES,2020,326.0
660254,EXP,TEXT,TN,T,EU27_2020,2020,105690.0
660255,EXP,TEXT,TN,T,FR,2020,21483.0
660256,EXP,TEXT,TN,T,HU,2020,46.0
660257,EXP,TEXT,TN,T,IE,2020,0.0
660258,EXP,TEXT,TN,T,IT,2020,50202.0
660259,EXP,TEXT,TN,T,MT,2020,257.0
660260,EXP,TEXT,TN,T,NL,2020,8672.0
660261,EXP,TEXT,TN,T,PL,2020,159.0
660262,EXP,TEXT,TN,T,PT,2020,480.0
660263,EXP,TEXT,TN,T,SE,2020,0.0
660264,EXP,TEXT,TN,T,SI,2020,2126.0
662070,EXP,TEXT_NTL,TN,T,DE,2020,11.0
662071,EXP,TEXT_NTL,TN,T,ES,2020,5.0
662072,EXP,TEXT_NTL,TN,T,EU27_2020,2020,2818.0
662073,EXP,TEXT_NTL,TN,T,FR,2020,314.0
662074,EXP,TEXT_NTL,TN,T,IT,2020,2487.0
662075,EXP,TEXT_NTL,TN,T,SE,2020,0.0
665250,EXP,TEXT_SYN,TN,T,AT,2020,119.0
665251,EXP,TEXT_SYN,TN,T,BE,2020,962.0
665252,EXP,TEXT_SYN,TN,T,DE,2020,20845.0
665253,EXP,TEXT_SYN,TN,T,ES,2020,321.0
665254,EXP,TEXT_SYN,TN,T,EU27_2020,2020,102872.0
665255,EXP,TEXT_SYN,TN,T,FR,2020,21169.0
665256,EXP,TEXT_SYN,TN,T,HU,2020,46.0
665257,EXP,TEXT_SYN,TN,T,IE,2020,0.0
665258,EXP,TEXT_SYN,TN,T,IT,2020,47715.0
665259,EXP,TEXT_SYN,TN,T,MT,2020,257.0
665260,EXP,TEXT_SYN,TN,T,NL,2020,8672.0
665261,EXP,TEXT_SYN,TN,T,PL,2020,159.0
665262,EXP,TEXT_SYN,TN,T,PT,2020,480.0
665263,EXP,TEXT_SYN,TN,T,SI,2020,2126.0
669826,EXP,TOTAL,TN,T,AT,2020,119.0
669827,EXP,TOTAL,TN,T,BE,2020,1032.0
669828,EXP,TOTAL,TN,T,DE,2020,21254.0
669829,EXP,TOTAL,TN,T,DK,2020,145.0
669830,EXP,TOTAL,TN,T,ES,2020,2402.0
669831,EXP,TOTAL,TN,T,EU27_2020,2020,117813.0
669832,EXP,TOTAL,TN,T,FR,2020,22382.0
669833,EXP,TOTAL,TN,T,HU,2020,46.0
669834,EXP,TOTAL,TN,T,IE,2020,0.0
669835,EXP,TOTAL,TN,T,IT,2020,58736.0
669836,EXP,TOTAL,TN,T,MT,2020,257.0
669837,EXP,TOTAL,TN,T,NL,2020,8674.0
669838,EXP,TOTAL,TN,T,PL,2020,159.0
669839,EXP,TOTAL,TN,T,PT,2020,480.0
669840,EXP,TOTAL,TN,T,SE,2020,0.0
669841,EXP,TOTAL,TN,T,SI,2020,2126.0
671358,EXP,WD,TN,T,EU27_2020,2020,19.0
671359,EXP,WD,TN,T,FR,2020,19.0
700682,EXP,GLAS,TN,T,DE,2015,0.0
700683,EXP,GLAS,TN,T,EU27_2020,2015,1.0
700684,EXP,GLAS,TN,T,FR,2015,1.0
701398,EXP,MIN,TN,T,DE,2015,492.0
701399,EXP,MIN,TN,T,ES,2015,24427.0
701400,EXP,MIN,TN,T,EU27_2020,2015,24919.0
702978,EXP,MT,TN,T,DE,2015,0.0
702979,EXP,MT,TN,T,ES,2015,0.0
702980,EXP,MT,TN,T,EU27_2020,2015,172.0
702981,EXP,MT,TN,T,FR,2015,122.0
702982,EXP,MT,TN,T,IT,2015,14.0
702983,EXP,MT,TN,T,NL,2015,9.0
702984,EXP,MT,TN,T,PT,2015,27.0
704114,EXP,MT_FER,TN,T,ES,2015,0.0
704115,EXP,MT_FER,TN,T,EU27_2020,2015,74.0
704116,EXP,MT_FER,TN,T,FR,2015,47.0
704117,EXP,MT_FER,TN,T,PT,2015,27.0
705602,EXP,MT_NFER,TN,T,DE,2015,0.0
705603,EXP,MT_NFER,TN,T,EU27_2020,2015,98.0
705604,EXP,MT_NFER,TN,T,FR,2015,75.0
705605,EXP,MT_NFER,TN,T,IT,2015,14.0
705606,EXP,MT_NFER,TN,T,NL,2015,9.0
706692,EXP,MT_NFER_CAN,TN,T,EU27_2020,2015,89.0
706693,EXP,MT_NFER_CAN,TN,T,FR,2015,75.0
706694,EXP,MT_NFER_CAN,TN,T,IT,2015,14.0
707848,EXP,MT_NFER_OTH,TN,T,DE,2015,0.0
707849,EXP,MT_NFER_OTH,TN,T,EU27_2020,2015,9.0
707850,EXP,MT_NFER_OTH,TN,T,FR,2015,0.0
707851,EXP,MT_NFER_OTH,TN,T,IT,2015,0.0
707852,EXP,MT_NFER_OTH,TN,T,NL,2015,9.0
709372,EXP,NSP,TN,T,ES,2015,0.0
709373,EXP,NSP,TN,T,EU27_2020,2015,232.0
709374,EXP,NSP,TN,T,FR,2015,220.0
709375,EXP,NSP,TN,T,IT,2015,12.0
709376,EXP,NSP,TN,T,SE,2015,0.0
710274,EXP,ORG,TN,T,AT,2015,0.0
710275,EXP,ORG,TN,T,EL,2015,323.0
710276,EXP,ORG,TN,T,EU27_2020,2015,337.0
710277,EXP,ORG,TN,T,FR,2015,0.0
710278,EXP,ORG,TN,T,IT,2015,14.0
711606,EXP,ORG_VEG,TN,T,AT,2015,0.0
711607,EXP,ORG_VEG,TN,T,EL,2015,323.0
711608,EXP,ORG_VEG,TN,T,EU27_2020,2015,337.0
711609,EXP,ORG_VEG,TN,T,FR,2015,0.0
711610,EXP,ORG_VEG,TN,T,IT,2015,14.0
712928,EXP,PAPER,TN,T,BE,2015,569.0
712929,EXP,PAPER,TN,T,DE,2015,479.0
712930,EXP,PAPER,TN,T,ES,2015,3717.0
712931,EXP,PAPER,TN,T,EU27_2020,2015,4789.0
712932,EXP,PAPER,TN,T,IT,2015,24.0
714272,EXP,PLAST,TN,T,DE,2015,0.0
714273,EXP,PLAST,TN,T,ES,2015,59.0
714274,EXP,PLAST,TN,T,EU27_2020,2015,2694.0
714275,EXP,PLAST,TN,T,FR,2015,197.0
714276,EXP,PLAST,TN,T,IT,2015,2438.0
716820,EXP,PLAST_RUB,TN,T,BE,2015,24.0
716821,EXP,PLAST_RUB,TN,T,DE,2015,230.0
716822,EXP,PLAST_RUB,TN,T,ES,2015,274.0
716823,EXP,PLAST_RUB,TN,T,EU27_2020,2015,5252.0
716824,EXP,PLAST_RUB,TN,T,FR,2015,2148.0
716825,EXP,PLAST_RUB,TN,T,IT,2015,2576.0
719032,EXP,RUB,TN,T,BE,2015,24.0
719033,EXP,RUB,TN,T,DE,2015,230.0
719034,EXP,RUB,TN,T,ES,2015,215.0
719035,EXP,RUB,TN,T,EU27_2020,2015,2558.0
719036,EXP,RUB,TN,T,FR,2015,1951.0
719037,EXP,RUB,TN,T,IT,2015,138.0
722450,EXP,TEXT,TN,T,AT,2015,751.0
722451,EXP,TEXT,TN,T,BE,2015,1126.0
722452,EXP,TEXT,TN,T,BG,2015,77.0
722453,EXP,TEXT,TN,T,DE,2015,19816.0
722454,EXP,TEXT,TN,T,DK,2015,94.0
722455,EXP,TEXT,TN,T,ES,2015,657.0
722456,EXP,TEXT,TN,T,EU27_2020,2015,99487.0
722457,EXP,TEXT,TN,T,FI,2015,33.0
722458,EXP,TEXT,TN,T,FR,2015,20145.0
722459,EXP,TEXT,TN,T,HR,2015,16.0
722460,EXP,TEXT,TN,T,HU,2015,189.0
722461,EXP,TEXT,TN,T,IT,2015,47485.0
722462,EXP,TEXT,TN,T,MT,2015,0.0
722463,EXP,TEXT,TN,T,NL,2015,5305.0
722464,EXP,TEXT,TN,T,PL,2015,681.0
722465,EXP,TEXT,TN,T,PT,2015,2143.0
722466,EXP,TEXT,TN,T,SE,2015,117.0
722467,EXP,TEXT,TN,T,SI,2015,852.0
724300,EXP,TEXT_NTL,TN,T,BE,2015,83.0
724301,EXP,TEXT_NTL,TN,T,DE,2015,83.0
724302,EXP,TEXT_NTL,TN,T,ES,2015,87.0
724303,EXP,TEXT_NTL,TN,T,EU27_2020,2015,12989.0
724304,EXP,TEXT_NTL,TN,T,FR,2015,3888.0
724305,EXP,TEXT_NTL,TN,T,IT,2015,7120.0
724306,EXP,TEXT_NTL,TN,T,NL,2015,1728.0
724307,EXP,TEXT_NTL,TN,T,PT,2015,0.0
727404,EXP,TEXT_SYN,TN,T,AT,2015,751.0
727405,EXP,TEXT_SYN,TN,T,BE,2015,1043.0
727406,EXP,TEXT_SYN,TN,T,BG,2015,77.0
727407,EXP,TEXT_SYN,TN,T,DE,2015,19732.0
727408,EXP,TEXT_SYN,TN,T,DK,2015,94.0
727409,EXP,TEXT_SYN,TN,T,ES,2015,571.0
727410,EXP,TEXT_SYN,TN,T,EU27_2020,2015,86498.0
727411,EXP,TEXT_SYN,TN,T,FI,2015,33.0
727412,EXP,TEXT_SYN,TN,T,FR,2015,16256.0
727413,EXP,TEXT_SYN,TN,T,HR,2015,16.0
727414,EXP,TEXT_SYN,TN,T,HU,2015,189.0
727415,EXP,TEXT_SYN,TN,T,IT,2015,40365.0
727416,EXP,TEXT_SYN,TN,T,MT,2015,0.0
727417,EXP,TEXT_SYN,TN,T,NL,2015,3577.0
727418,EXP,TEXT_SYN,TN,T,PL,2015,681.0
727419,EXP,TEXT_SYN,TN,T,PT,2015,2143.0
727420,EXP,TEXT_SYN,TN,T,SE,2015,117.0
727421,EXP,TEXT_SYN,TN,T,SI,2015,852.0
731930,EXP,TOTAL,TN,T,AT,2015,751.0
731931,EXP,TOTAL,TN,T,BE,2015,1719.0
731932,EXP,TOTAL,TN,T,BG,2015,77.0
731933,EXP,TOTAL,TN,T,DE,2015,21017.0
731934,EXP,TOTAL,TN,T,DK,2015,94.0
731935,EXP,TOTAL,TN,T,EL,2015,323.0
731936,EXP,TOTAL,TN,T,ES,2015,29076.0
731937,EXP,TOTAL,TN,T,EU27_2020,2015,135204.0
731938,EXP,TOTAL,TN,T,FI,2015,33.0
731939,EXP,TOTAL,TN,T,FR,2015,22645.0
731940,EXP,TOTAL,TN,T,HR,2015,16.0
731941,EXP,TOTAL,TN,T,HU,2015,189.0
731942,EXP,TOTAL,TN,T,IT,2015,50129.0
731943,EXP,TOTAL,TN,T,MT,2015,0.0
731944,EXP,TOTAL,TN,T,NL,2015,5314.0
731945,EXP,TOTAL,TN,T,PL,2015,681.0
731946,EXP,TOTAL,TN,T,PT,2015,2171.0
731947,EXP,TOTAL,TN,T,SE,2015,117.0
731948,EXP,TOTAL,TN,T,SI,2015,852.0
733438,EXP,WD,TN,T,EU27_2020,2015,14.0
733439,EXP,WD,TN,T,FR,2015,10.0
733440,EXP,WD,TN,T,IT,2015,4.0
761312,EXP,GLAS,TN,T,DE,2014,0.0
761313,EXP,GLAS,TN,T,EU27_2020,2014,0.0
762038,EXP,MIN,TN,T,ES,2014,8554.0
762039,EXP,MIN,TN,T,EU27_2020,2014,8677.0
762040,EXP,MIN,TN,T,FR,2014,100.0
762041,EXP,MIN,TN,T,NL,2014,23.0
763750,EXP,MT,TN,T,BE,2014,0.0
763751,EXP,MT,TN,T,CZ,2014,0.0
763752,EXP,MT,TN,T,DE,2014,0.0
763753,EXP,MT,TN,T,EU27_2020,2014,212.0
763754,EXP,MT,TN,T,FR,2014,197.0
763755,EXP,MT,TN,T,IT,2014,5.0
763756,EXP,MT,TN,T,NL,2014,9.0
765002,EXP,MT_FER,TN,T,CZ,2014,0.0
765003,EXP,MT_FER,TN,T,EU27_2020,2014,47.0
765004,EXP,MT_FER,TN,T,FR,2014,47.0
765005,EXP,MT_FER,TN,T,IT,2014,0.0
766612,EXP,MT_NFER,TN,T,BE,2014,0.0
766613,EXP,MT_NFER,TN,T,DE,2014,0.0
766614,EXP,MT_NFER,TN,T,EU27_2020,2014,165.0
766615,EXP,MT_NFER,TN,T,FR,2014,150.0
766616,EXP,MT_NFER,TN,T,IT,2014,5.0
766617,EXP,MT_NFER,TN,T,NL,2014,9.0
767768,EXP,MT_NFER_CAN,TN,T,EU27_2020,2014,155.0
767769,EXP,MT_NFER_CAN,TN,T,FR,2014,150.0
767770,EXP,MT_NFER_CAN,TN,T,IT,2014,5.0
768952,EXP,MT_NFER_OTH,TN,T,BE,2014,0.0
768953,EXP,MT_NFER_OTH,TN,T,DE,2014,0.0
768954,EXP,MT_NFER_OTH,TN,T,EU27_2020,2014,10.0
768955,EXP,MT_NFER_OTH,TN,T,NL,2014,9.0
770542,EXP,NSP,TN,T,ES,2014,0.0
770543,EXP,NSP,TN,T,EU27_2020,2014,297.0
770544,EXP,NSP,TN,T,FR,2014,112.0
770545,EXP,NSP,TN,T,IT,2014,184.0
771462,EXP,ORG,TN,T,EL,2014,288.0
771463,EXP,ORG,TN,T,EU27_2020,2014,296.0
771464,EXP,ORG,TN,T,FR,2014,6.0
771465,EXP,ORG,TN,T,IT,2014,2.0
772108,EXP,ORG_ANI,TN,T,EU27_2020,2014,0.0
772109,EXP,ORG_ANI,TN,T,FR,2014,0.0
772110,EXP,ORG_ANI,TN,T,IT,2014,0.0
772770,EXP,ORG_VEG,TN,T,EL,2014,288.0
772771,EXP,ORG_VEG,TN,T,EU27_2020,2014,296.0
772772,EXP,ORG_VEG,TN,T,FR,2014,6.0
772773,EXP,ORG_VEG,TN,T,IT,2014,2.0
774100,EXP,PAPER,TN,T,DE,2014,782.0
774101,EXP,PAPER,TN,T,ES,2014,1915.0
774102,EXP,PAPER,TN,T,EU27_2020,2014,2720.0
774103,EXP,PAPER,TN,T,IT,2014,23.0
775454,EXP,PLAST,TN,T,BE,2014,1.0
775455,EXP,PLAST,TN,T,DE,2014,21.0
775456,EXP,PLAST,TN,T,ES,2014,178.0
775457,EXP,PLAST,TN,T,EU27_2020,2014,3082.0
775458,EXP,PLAST,TN,T,FR,2014,491.0
775459,EXP,PLAST,TN,T,IT,2014,2259.0
775460,EXP,PLAST,TN,T,PT,2014,132.0
778050,EXP,PLAST_RUB,TN,T,BE,2014,23.0
778051,EXP,PLAST_RUB,TN,T,DE,2014,271.0
778052,EXP,PLAST_RUB,TN,T,ES,2014,337.0
778053,EXP,PLAST_RUB,TN,T,EU27_2020,2014,8221.0
778054,EXP,PLAST_RUB,TN,T,FR,2014,1951.0
778055,EXP,PLAST_RUB,TN,T,IT,2014,5506.0
778056,EXP,PLAST_RUB,TN,T,PT,2014,132.0
780274,EXP,RUB,TN,T,BE,2014,23.0
780275,EXP,RUB,TN,T,DE,2014,250.0
780276,EXP,RUB,TN,T,ES,2014,159.0
780277,EXP,RUB,TN,T,EU27_2020,2014,5139.0
780278,EXP,RUB,TN,T,FR,2014,1460.0
780279,EXP,RUB,TN,T,IT,2014,3247.0
783668,EXP,TEXT,TN,T,AT,2014,1866.0
783669,EXP,TEXT,TN,T,BE,2014,5715.0
783670,EXP,TEXT,TN,T,BG,2014,49.0
783671,EXP,TEXT,TN,T,DE,2014,13142.0
783672,EXP,TEXT,TN,T,DK,2014,222.0
783673,EXP,TEXT,TN,T,EL,2014,0.0
783674,EXP,TEXT,TN,T,ES,2014,611.0
783675,EXP,TEXT,TN,T,EU27_2020,2014,92693.0
783676,EXP,TEXT,TN,T,FR,2014,15003.0
783677,EXP,TEXT,TN,T,HR,2014,248.0
783678,EXP,TEXT,TN,T,HU,2014,413.0
783679,EXP,TEXT,TN,T,IT,2014,46113.0
783680,EXP,TEXT,TN,T,MT,2014,0.0
783681,EXP,TEXT,TN,T,NL,2014,5272.0
783682,EXP,TEXT,TN,T,PL,2014,152.0
783683,EXP,TEXT,TN,T,PT,2014,3456.0
783684,EXP,TEXT,TN,T,SE,2014,38.0
783685,EXP,TEXT,TN,T,SI,2014,393.0
785528,EXP,TEXT_NTL,TN,T,BE,2014,26.0
785529,EXP,TEXT_NTL,TN,T,DE,2014,29.0
785530,EXP,TEXT_NTL,TN,T,ES,2014,0.0
785531,EXP,TEXT_NTL,TN,T,EU27_2020,2014,11323.0
785532,EXP,TEXT_NTL,TN,T,FR,2014,4373.0
785533,EXP,TEXT_NTL,TN,T,IT,2014,5859.0
785534,EXP,TEXT_NTL,TN,T,NL,2014,1035.0
785535,EXP,TEXT_NTL,TN,T,SE,2014,0.0
788632,EXP,TEXT_SYN,TN,T,AT,2014,1866.0
788633,EXP,TEXT_SYN,TN,T,BE,2014,5689.0
788634,EXP,TEXT_SYN,TN,T,BG,2014,49.0
788635,EXP,TEXT_SYN,TN,T,DE,2014,13113.0
788636,EXP,TEXT_SYN,TN,T,DK,2014,222.0
788637,EXP,TEXT_SYN,TN,T,EL,2014,0.0
788638,EXP,TEXT_SYN,TN,T,ES,2014,611.0
788639,EXP,TEXT_SYN,TN,T,EU27_2020,2014,81370.0
788640,EXP,TEXT_SYN,TN,T,FR,2014,10629.0
788641,EXP,TEXT_SYN,TN,T,HR,2014,248.0
788642,EXP,TEXT_SYN,TN,T,HU,2014,413.0
788643,EXP,TEXT_SYN,TN,T,IT,2014,40255.0
788644,EXP,TEXT_SYN,TN,T,MT,2014,0.0
788645,EXP,TEXT_SYN,TN,T,NL,2014,4236.0
788646,EXP,TEXT_SYN,TN,T,PL,2014,152.0
788647,EXP,TEXT_SYN,TN,T,PT,2014,3456.0
788648,EXP,TEXT_SYN,TN,T,SE,2014,38.0
788649,EXP,TEXT_SYN,TN,T,SI,2014,393.0
793134,EXP,TOTAL,TN,T,AT,2014,1866.0
793135,EXP,TOTAL,TN,T,BE,2014,5738.0
793136,EXP,TOTAL,TN,T,BG,2014,49.0
793137,EXP,TOTAL,TN,T,CZ,2014,0.0
793138,EXP,TOTAL,TN,T,DE,2014,14196.0
793139,EXP,TOTAL,TN,T,DK,2014,222.0
793140,EXP,TOTAL,TN,T,EL,2014,288.0
793141,EXP,TOTAL,TN,T,ES,2014,11417.0
793142,EXP,TOTAL,TN,T,EU27_2020,2014,113117.0
793143,EXP,TOTAL,TN,T,FR,2014,17371.0
793144,EXP,TOTAL,TN,T,HR,2014,248.0
793145,EXP,TOTAL,TN,T,HU,2014,413.0
793146,EXP,TOTAL,TN,T,IT,2014,51833.0
793147,EXP,TOTAL,TN,T,MT,2014,0.0
793148,EXP,TOTAL,TN,T,NL,2014,5303.0
793149,EXP,TOTAL,TN,T,PL,2014,152.0
793150,EXP,TOTAL,TN,T,PT,2014,3589.0
793151,EXP,TOTAL,TN,T,SE,2014,38.0
793152,EXP,TOTAL,TN,T,SI,2014,393.0
794674,EXP,WD,TN,T,EU27_2020,2014,2.0
794675,EXP,WD,TN,T,FR,2014,2.0
822938,EXP,MIN,TN,T,BE,2007,621.0
822939,EXP,MIN,TN,T,DE,2007,429.0
822940,EXP,MIN,TN,T,EU27_2020,2007,1176.0
822941,EXP,MIN,TN,T,FR,2007,126.0
822942,EXP,MIN,TN,T,NL,2007,0.0
824570,EXP,MT,TN,T,BE,2007,80.0
824571,EXP,MT,TN,T,DE,2007,636.0
824572,EXP,MT,TN,T,EL,2007,2300.0
824573,EXP,MT,TN,T,EU27_2020,2007,3053.0
824574,EXP,MT,TN,T,FR,2007,27.0
824575,EXP,MT,TN,T,IT,2007,5.0
824576,EXP,MT,TN,T,NL,2007,5.0
824577,EXP,MT,TN,T,SE,2007,0.0
825976,EXP,MT_FER,TN,T,DE,2007,558.0
825977,EXP,MT_FER,TN,T,EL,2007,2300.0
825978,EXP,MT_FER,TN,T,EU27_2020,2007,2865.0
825979,EXP,MT_FER,TN,T,FR,2007,2.0
825980,EXP,MT_FER,TN,T,IT,2007,5.0
825981,EXP,MT_FER,TN,T,SE,2007,0.0
827358,EXP,MT_NFER,TN,T,BE,2007,80.0
827359,EXP,MT_NFER,TN,T,DE,2007,78.0
827360,EXP,MT_NFER,TN,T,EU27_2020,2007,188.0
827361,EXP,MT_NFER,TN,T,FR,2007,25.0
827362,EXP,MT_NFER,TN,T,NL,2007,5.0
827363,EXP,MT_NFER,TN,T,SE,2007,0.0
828434,EXP,MT_NFER_CAN,TN,T,DE,2007,53.0
828435,EXP,MT_NFER_CAN,TN,T,EU27_2020,2007,78.0
828436,EXP,MT_NFER_CAN,TN,T,FR,2007,25.0
829404,EXP,MT_NFER_OTH,TN,T,BE,2007,80.0
829405,EXP,MT_NFER_OTH,TN,T,DE,2007,25.0
829406,EXP,MT_NFER_OTH,TN,T,EU27_2020,2007,110.0
829407,EXP,MT_NFER_OTH,TN,T,NL,2007,5.0
829408,EXP,MT_NFER_OTH,TN,T,SE,2007,0.0
829868,EXP,MT_NFER_PRE,TN,T,EU27_2020,2007,0.0
829869,EXP,MT_NFER_PRE,TN,T,FR,2007,0.0
830674,EXP,NSP,TN,T,BE,2007,0.0
830675,EXP,NSP,TN,T,ES,2007,27.0
830676,EXP,NSP,TN,T,EU27_2020,2007,64.0
830677,EXP,NSP,TN,T,FR,2007,33.0
830678,EXP,NSP,TN,T,IT,2007,5.0
831430,EXP,ORG,TN,T,BE,2007,112.0
831431,EXP,ORG,TN,T,EU27_2020,2007,112.0
832476,EXP,ORG_VEG,TN,T,BE,2007,112.0
832477,EXP,ORG_VEG,TN,T,EU27_2020,2007,112.0
833628,EXP,PAPER,TN,T,BE,2007,123.0
833629,EXP,PAPER,TN,T,DE,2007,117.0
833630,EXP,PAPER,TN,T,DK,2007,3.0
833631,EXP,PAPER,TN,T,ES,2007,4532.0
833632,EXP,PAPER,TN,T,EU27_2020,2007,5542.0
833633,EXP,PAPER,TN,T,FR,2007,176.0
833634,EXP,PAPER,TN,T,IE,2007,1.0
833635,EXP,PAPER,TN,T,IT,2007,455.0
833636,EXP,PAPER,TN,T,NL,2007,136.0
834810,EXP,PLAST,TN,T,BE,2007,2.0
834811,EXP,PLAST,TN,T,DE,2007,23.0
834812,EXP,PLAST,TN,T,ES,2007,19.0
834813,EXP,PLAST,TN,T,EU27_2020,2007,206.0
834814,EXP,PLAST,TN,T,FR,2007,26.0
834815,EXP,PLAST,TN,T,IT,2007,109.0
834816,EXP,PLAST,TN,T,NL,2007,3.0
834817,EXP,PLAST,TN,T,PT,2007,24.0
836976,EXP,PLAST_RUB,TN,T,BE,2007,2.0
836977,EXP,PLAST_RUB,TN,T,CY,2007,6.0
836978,EXP,PLAST_RUB,TN,T,DE,2007,28.0
836979,EXP,PLAST_RUB,TN,T,DK,2007,1.0
836980,EXP,PLAST_RUB,TN,T,ES,2007,80.0
836981,EXP,PLAST_RUB,TN,T,EU27_2020,2007,1065.0
836982,EXP,PLAST_RUB,TN,T,FR,2007,194.0
836983,EXP,PLAST_RUB,TN,T,IT,2007,729.0
836984,EXP,PLAST_RUB,TN,T,NL,2007,3.0
836985,EXP,PLAST_RUB,TN,T,PT,2007,24.0
838868,EXP,RUB,TN,T,CY,2007,6.0
838869,EXP,RUB,TN,T,DE,2007,5.0
838870,EXP,RUB,TN,T,DK,2007,1.0
838871,EXP,RUB,TN,T,ES,2007,61.0
838872,EXP,RUB,TN,T,EU27_2020,2007,860.0
838873,EXP,RUB,TN,T,FR,2007,167.0
838874,EXP,RUB,TN,T,IT,2007,620.0
838875,EXP,RUB,TN,T,NL,2007,0.0
842198,EXP,TEXT,TN,T,AT,2007,1606.0
842199,EXP,TEXT,TN,T,BE,2007,5903.0
842200,EXP,TEXT,TN,T,CZ,2007,710.0
842201,EXP,TEXT,TN,T,DE,2007,8676.0
842202,EXP,TEXT,TN,T,DK,2007,0.0
842203,EXP,TEXT,TN,T,ES,2007,39.0
842204,EXP,TEXT,TN,T,EU27_2020,2007,94412.0
842205,EXP,TEXT,TN,T,FI,2007,13.0
842206,EXP,TEXT,TN,T,FR,2007,17209.0
842207,EXP,TEXT,TN,T,IE,2007,2.0
842208,EXP,TEXT,TN,T,IT,2007,53472.0
842209,EXP,TEXT,TN,T,MT,2007,0.0
842210,EXP,TEXT,TN,T,NL,2007,1978.0
842211,EXP,TEXT,TN,T,PL,2007,260.0
842212,EXP,TEXT,TN,T,PT,2007,1276.0
842213,EXP,TEXT,TN,T,SE,2007,3268.0
842214,EXP,TEXT,TN,T,SI,2007,0.0
844008,EXP,TEXT_NTL,TN,T,BE,2007,683.0
844009,EXP,TEXT_NTL,TN,T,DE,2007,29.0
844010,EXP,TEXT_NTL,TN,T,ES,2007,22.0
844011,EXP,TEXT_NTL,TN,T,EU27_2020,2007,15486.0
844012,EXP,TEXT_NTL,TN,T,FR,2007,784.0
844013,EXP,TEXT_NTL,TN,T,IT,2007,13931.0
844014,EXP,TEXT_NTL,TN,T,NL,2007,38.0
847064,EXP,TEXT_SYN,TN,T,AT,2007,1606.0
847065,EXP,TEXT_SYN,TN,T,BE,2007,5220.0
847066,EXP,TEXT_SYN,TN,T,CZ,2007,710.0
847067,EXP,TEXT_SYN,TN,T,DE,2007,8648.0
847068,EXP,TEXT_SYN,TN,T,DK,2007,0.0
847069,EXP,TEXT_SYN,TN,T,ES,2007,17.0
847070,EXP,TEXT_SYN,TN,T,EU27_2020,2007,78926.0
847071,EXP,TEXT_SYN,TN,T,FI,2007,13.0
847072,EXP,TEXT_SYN,TN,T,FR,2007,16426.0
847073,EXP,TEXT_SYN,TN,T,IE,2007,2.0
847074,EXP,TEXT_SYN,TN,T,IT,2007,39541.0
847075,EXP,TEXT_SYN,TN,T,MT,2007,0.0
847076,EXP,TEXT_SYN,TN,T,NL,2007,1940.0
847077,EXP,TEXT_SYN,TN,T,PL,2007,260.0
847078,EXP,TEXT_SYN,TN,T,PT,2007,1276.0
847079,EXP,TEXT_SYN,TN,T,SE,2007,3268.0
847080,EXP,TEXT_SYN,TN,T,SI,2007,0.0
851382,EXP,TOTAL,TN,T,AT,2007,1606.0
851383,EXP,TOTAL,TN,T,BE,2007,6842.0
851384,EXP,TOTAL,TN,T,CY,2007,6.0
851385,EXP,TOTAL,TN,T,CZ,2007,710.0
851386,EXP,TOTAL,TN,T,DE,2007,9886.0
851387,EXP,TOTAL,TN,T,DK,2007,3.0
851388,EXP,TOTAL,TN,T,EL,2007,2300.0
851389,EXP,TOTAL,TN,T,ES,2007,4677.0
851390,EXP,TOTAL,TN,T,EU27_2020,2007,105470.0
851391,EXP,TOTAL,TN,T,FI,2007,13.0
851392,EXP,TOTAL,TN,T,FR,2007,17809.0
851393,EXP,TOTAL,TN,T,IE,2007,3.0
851394,EXP,TOTAL,TN,T,IT,2007,54665.0
851395,EXP,TOTAL,TN,T,MT,2007,0.0
851396,EXP,TOTAL,TN,T,NL,2007,2121.0
851397,EXP,TOTAL,TN,T,PL,2007,260.0
851398,EXP,TOTAL,TN,T,PT,2007,1299.0
851399,EXP,TOTAL,TN,T,SE,2007,3268.0
851400,EXP,TOTAL,TN,T,SI,2007,0.0
852726,EXP,WD,TN,T,EU27_2020,2007,45.0
852727,EXP,WD,TN,T,FR,2007,45.0
878444,EXP,GLAS,TN,T,DE,2016,0.0
878445,EXP,GLAS,TN,T,EU27_2020,2016,0.0
879150,EXP,MIN,TN,T,DE,2016,175.0
879151,EXP,MIN,TN,T,ES,2016,16015.0
879152,EXP,MIN,TN,T,EU27_2020,2016,16190.0
880708,EXP,MT,TN,T,DE,2016,0.0
880709,EXP,MT,TN,T,EU27_2020,2016,261.0
880710,EXP,MT,TN,T,FR,2016,244.0
880711,EXP,MT,TN,T,IT,2016,12.0
880712,EXP,MT,TN,T,NL,2016,5.0
881804,EXP,MT_FER,TN,T,EU27_2020,2016,10.0
881805,EXP,MT_FER,TN,T,FR,2016,10.0
883228,EXP,MT_NFER,TN,T,DE,2016,0.0
883229,EXP,MT_NFER,TN,T,EU27_2020,2016,251.0
883230,EXP,MT_NFER,TN,T,FR,2016,234.0
883231,EXP,MT_NFER,TN,T,IT,2016,12.0
883232,EXP,MT_NFER,TN,T,NL,2016,5.0
884292,EXP,MT_NFER_CAN,TN,T,EU27_2020,2016,245.0
884293,EXP,MT_NFER_CAN,TN,T,FR,2016,233.0
884294,EXP,MT_NFER_CAN,TN,T,IT,2016,12.0
885386,EXP,MT_NFER_OTH,TN,T,DE,2016,0.0
885387,EXP,MT_NFER_OTH,TN,T,EU27_2020,2016,6.0
885388,EXP,MT_NFER_OTH,TN,T,FR,2016,1.0
885389,EXP,MT_NFER_OTH,TN,T,NL,2016,5.0
886872,EXP,NSP,TN,T,EU27_2020,2016,316.0
886873,EXP,NSP,TN,T,FR,2016,270.0
886874,EXP,NSP,TN,T,IT,2016,46.0
886875,EXP,NSP,TN,T,PT,2016,0.0
887836,EXP,ORG,TN,T,BE,2016,0.0
887837,EXP,ORG,TN,T,EL,2016,8.0
887838,EXP,ORG,TN,T,ES,2016,9.0
887839,EXP,ORG,TN,T,EU27_2020,2016,42.0
887840,EXP,ORG,TN,T,FR,2016,5.0
887841,EXP,ORG,TN,T,IT,2016,20.0
888462,EXP,ORG_ANI,TN,T,ES,2016,1.0
888463,EXP,ORG_ANI,TN,T,EU27_2020,2016,1.0
889210,EXP,ORG_VEG,TN,T,BE,2016,0.0
889211,EXP,ORG_VEG,TN,T,EL,2016,8.0
889212,EXP,ORG_VEG,TN,T,ES,2016,8.0
889213,EXP,ORG_VEG,TN,T,EU27_2020,2016,41.0
889214,EXP,ORG_VEG,TN,T,FR,2016,5.0
889215,EXP,ORG_VEG,TN,T,IT,2016,20.0
890544,EXP,PAPER,TN,T,ES,2016,4487.0
890545,EXP,PAPER,TN,T,EU27_2020,2016,5457.0
890546,EXP,PAPER,TN,T,FR,2016,971.0
891848,EXP,PLAST,TN,T,ES,2016,493.0
891849,EXP,PLAST,TN,T,EU27_2020,2016,1715.0
891850,EXP,PLAST,TN,T,FR,2016,6.0
891851,EXP,PLAST,TN,T,IT,2016,1216.0
894326,EXP,PLAST_RUB,TN,T,BE,2016,23.0
894327,EXP,PLAST_RUB,TN,T,DE,2016,120.0
894328,EXP,PLAST_RUB,TN,T,ES,2016,1075.0
894329,EXP,PLAST_RUB,TN,T,EU27_2020,2016,4838.0
894330,EXP,PLAST_RUB,TN,T,FR,2016,2013.0
894331,EXP,PLAST_RUB,TN,T,IT,2016,1481.0
894332,EXP,PLAST_RUB,TN,T,NL,2016,22.0
894333,EXP,PLAST_RUB,TN,T,PT,2016,105.0
894334,EXP,PLAST_RUB,TN,T,SK,2016,0.0
896488,EXP,RUB,TN,T,BE,2016,23.0
896489,EXP,RUB,TN,T,DE,2016,120.0
896490,EXP,RUB,TN,T,ES,2016,582.0
896491,EXP,RUB,TN,T,EU27_2020,2016,3124.0
896492,EXP,RUB,TN,T,FR,2016,2007.0
896493,EXP,RUB,TN,T,IT,2016,265.0
896494,EXP,RUB,TN,T,NL,2016,22.0
896495,EXP,RUB,TN,T,PT,2016,105.0
896496,EXP,RUB,TN,T,SK,2016,0.0
899844,EXP,TEXT,TN,T,AT,2016,117.0
899845,EXP,TEXT,TN,T,BE,2016,1116.0
899846,EXP,TEXT,TN,T,BG,2016,101.0
899847,EXP,TEXT,TN,T,DE,2016,22173.0
899848,EXP,TEXT,TN,T,DK,2016,0.0
899849,EXP,TEXT,TN,T,ES,2016,614.0
899850,EXP,TEXT,TN,T,EU27_2020,2016,113845.0
899851,EXP,TEXT,TN,T,FI,2016,35.0
899852,EXP,TEXT,TN,T,FR,2016,26073.0
899853,EXP,TEXT,TN,T,HU,2016,164.0
899854,EXP,TEXT,TN,T,IT,2016,52137.0
899855,EXP,TEXT,TN,T,MT,2016,102.0
899856,EXP,TEXT,TN,T,NL,2016,6046.0
899857,EXP,TEXT,TN,T,PL,2016,1282.0
899858,EXP,TEXT,TN,T,PT,2016,2467.0
899859,EXP,TEXT,TN,T,SE,2016,230.0
899860,EXP,TEXT,TN,T,SI,2016,1188.0
901656,EXP,TEXT_NTL,TN,T,BE,2016,562.0
901657,EXP,TEXT_NTL,TN,T,DE,2016,402.0
901658,EXP,TEXT_NTL,TN,T,ES,2016,1.0
901659,EXP,TEXT_NTL,TN,T,EU27_2020,2016,16994.0
901660,EXP,TEXT_NTL,TN,T,FR,2016,3819.0
901661,EXP,TEXT_NTL,TN,T,IT,2016,10580.0
901662,EXP,TEXT_NTL,TN,T,NL,2016,1593.0
901663,EXP,TEXT_NTL,TN,T,PT,2016,37.0
904726,EXP,TEXT_SYN,TN,T,AT,2016,117.0
904727,EXP,TEXT_SYN,TN,T,BE,2016,554.0
904728,EXP,TEXT_SYN,TN,T,BG,2016,101.0
904729,EXP,TEXT_SYN,TN,T,DE,2016,21771.0
904730,EXP,TEXT_SYN,TN,T,DK,2016,0.0
904731,EXP,TEXT_SYN,TN,T,ES,2016,613.0
904732,EXP,TEXT_SYN,TN,T,EU27_2020,2016,96851.0
904733,EXP,TEXT_SYN,TN,T,FI,2016,35.0
904734,EXP,TEXT_SYN,TN,T,FR,2016,22254.0
904735,EXP,TEXT_SYN,TN,T,HU,2016,164.0
904736,EXP,TEXT_SYN,TN,T,IT,2016,41557.0
904737,EXP,TEXT_SYN,TN,T,MT,2016,102.0
904738,EXP,TEXT_SYN,TN,T,NL,2016,4453.0
904739,EXP,TEXT_SYN,TN,T,PL,2016,1282.0
904740,EXP,TEXT_SYN,TN,T,PT,2016,2431.0
904741,EXP,TEXT_SYN,TN,T,SE,2016,230.0
904742,EXP,TEXT_SYN,TN,T,SI,2016,1188.0
909202,EXP,TOTAL,TN,T,AT,2016,117.0
909203,EXP,TOTAL,TN,T,BE,2016,1140.0
909204,EXP,TOTAL,TN,T,BG,2016,101.0
909205,EXP,TOTAL,TN,T,DE,2016,22468.0
909206,EXP,TOTAL,TN,T,DK,2016,0.0
909207,EXP,TOTAL,TN,T,EL,2016,8.0
909208,EXP,TOTAL,TN,T,ES,2016,22199.0
909209,EXP,TOTAL,TN,T,EU27_2020,2016,140978.0
909210,EXP,TOTAL,TN,T,FI,2016,35.0
909211,EXP,TOTAL,TN,T,FR,2016,29604.0
909212,EXP,TOTAL,TN,T,HU,2016,164.0
909213,EXP,TOTAL,TN,T,IT,2016,53696.0
909214,EXP,TOTAL,TN,T,MT,2016,102.0
909215,EXP,TOTAL,TN,T,NL,2016,6072.0
909216,EXP,TOTAL,TN,T,PL,2016,1282.0
909217,EXP,TOTAL,TN,T,PT,2016,2572.0
909218,EXP,TOTAL,TN,T,SE,2016,230.0
909219,EXP,TOTAL,TN,T,SI,2016,1188.0
909220,EXP,TOTAL,TN,T,SK,2016,0.0
910738,EXP,WD,TN,T,EU27_2020,2016,27.0
910739,EXP,WD,TN,T,FR,2016,27.0
939408,EXP,GLAS,TN,T,DE,2018,0.0
939409,EXP,GLAS,TN,T,EU27_2020,2018,0.0
940112,EXP,MIN,TN,T,DE,2018,1674.0
940113,EXP,MIN,TN,T,EE,2018,4.0
940114,EXP,MIN,TN,T,ES,2018,18639.0
940115,EXP,MIN,TN,T,EU27_2020,2018,20317.0
941772,EXP,MT,TN,T,BE,2018,1.0
941773,EXP,MT,TN,T,ES,2018,83.0
941774,EXP,MT,TN,T,EU27_2020,2018,194.0
941775,EXP,MT,TN,T,FR,2018,105.0
941776,EXP,MT,TN,T,IT,2018,3.0
941777,EXP,MT,TN,T,NL,2018,2.0
942908,EXP,MT_FER,TN,T,ES,2018,11.0
942909,EXP,MT_FER,TN,T,EU27_2020,2018,46.0
942910,EXP,MT_FER,TN,T,FR,2018,35.0
944460,EXP,MT_NFER,TN,T,BE,2018,1.0
944461,EXP,MT_NFER,TN,T,ES,2018,72.0
944462,EXP,MT_NFER,TN,T,EU27_2020,2018,148.0
944463,EXP,MT_NFER,TN,T,FR,2018,70.0
944464,EXP,MT_NFER,TN,T,IT,2018,3.0
944465,EXP,MT_NFER,TN,T,NL,2018,2.0
945634,EXP,MT_NFER_CAN,TN,T,ES,2018,72.0
945635,EXP,MT_NFER_CAN,TN,T,EU27_2020,2018,138.0
945636,EXP,MT_NFER_CAN,TN,T,FR,2018,64.0
945637,EXP,MT_NFER_CAN,TN,T,IT,2018,2.0
946810,EXP,MT_NFER_OTH,TN,T,BE,2018,1.0
946811,EXP,MT_NFER_OTH,TN,T,EU27_2020,2018,10.0
946812,EXP,MT_NFER_OTH,TN,T,FR,2018,5.0
946813,EXP,MT_NFER_OTH,TN,T,IT,2018,2.0
946814,EXP,MT_NFER_OTH,TN,T,NL,2018,2.0
948310,EXP,NSP,TN,T,EU27_2020,2018,113.0
948311,EXP,NSP,TN,T,FR,2018,112.0
948312,EXP,NSP,TN,T,IT,2018,1.0
949268,EXP,ORG,TN,T,BE,2018,0.0
949269,EXP,ORG,TN,T,ES,2018,9.0
949270,EXP,ORG,TN,T,EU27_2020,2018,12.0
949271,EXP,ORG,TN,T,FR,2018,0.0
949272,EXP,ORG,TN,T,IT,2018,3.0
950598,EXP,ORG_VEG,TN,T,BE,2018,0.0
950599,EXP,ORG_VEG,TN,T,ES,2018,9.0
950600,EXP,ORG_VEG,TN,T,EU27_2020,2018,12.0
950601,EXP,ORG_VEG,TN,T,FR,2018,0.0
950602,EXP,ORG_VEG,TN,T,IT,2018,3.0
951916,EXP,PAPER,TN,T,ES,2018,3134.0
951917,EXP,PAPER,TN,T,EU27_2020,2018,4616.0
951918,EXP,PAPER,TN,T,FI,2018,0.0
951919,EXP,PAPER,TN,T,FR,2018,1424.0
951920,EXP,PAPER,TN,T,IT,2018,53.0
951921,EXP,PAPER,TN,T,NL,2018,5.0
953370,EXP,PLAST,TN,T,ES,2018,261.0
953371,EXP,PLAST,TN,T,EU27_2020,2018,446.0
953372,EXP,PLAST,TN,T,FR,2018,169.0
953373,EXP,PLAST,TN,T,IT,2018,16.0
955966,EXP,PLAST_RUB,TN,T,BE,2018,239.0
955967,EXP,PLAST_RUB,TN,T,DE,2018,1065.0
955968,EXP,PLAST_RUB,TN,T,DK,2018,140.0
955969,EXP,PLAST_RUB,TN,T,ES,2018,912.0
955970,EXP,PLAST_RUB,TN,T,EU27_2020,2018,3708.0
955971,EXP,PLAST_RUB,TN,T,FR,2018,194.0
955972,EXP,PLAST_RUB,TN,T,IT,2018,1038.0
955973,EXP,PLAST_RUB,TN,T,PT,2018,120.0
958148,EXP,RUB,TN,T,BE,2018,239.0
958149,EXP,RUB,TN,T,DE,2018,1065.0
958150,EXP,RUB,TN,T,DK,2018,140.0
958151,EXP,RUB,TN,T,ES,2018,651.0
958152,EXP,RUB,TN,T,EU27_2020,2018,3262.0
958153,EXP,RUB,TN,T,FR,2018,25.0
958154,EXP,RUB,TN,T,IT,2018,1022.0
958155,EXP,RUB,TN,T,PT,2018,120.0
961624,EXP,TEXT,TN,T,AT,2018,252.0
961625,EXP,TEXT,TN,T,BE,2018,1255.0
961626,EXP,TEXT,TN,T,BG,2018,25.0
961627,EXP,TEXT,TN,T,DE,2018,19924.0
961628,EXP,TEXT,TN,T,DK,2018,1.0
961629,EXP,TEXT,TN,T,ES,2018,228.0
961630,EXP,TEXT,TN,T,EU27_2020,2018,100253.0
961631,EXP,TEXT,TN,T,FR,2018,27355.0
961632,EXP,TEXT,TN,T,HR,2018,28.0
961633,EXP,TEXT,TN,T,HU,2018,57.0
961634,EXP,TEXT,TN,T,IT,2018,47037.0
961635,EXP,TEXT,TN,T,MT,2018,448.0
961636,EXP,TEXT,TN,T,NL,2018,0.0
961637,EXP,TEXT,TN,T,PL,2018,348.0
961638,EXP,TEXT,TN,T,PT,2018,1661.0
961639,EXP,TEXT,TN,T,SE,2018,124.0
961640,EXP,TEXT,TN,T,SI,2018,1512.0
963508,EXP,TEXT_NTL,TN,T,AT,2018,16.0
963509,EXP,TEXT_NTL,TN,T,BE,2018,16.0
963510,EXP,TEXT_NTL,TN,T,DE,2018,78.0
963511,EXP,TEXT_NTL,TN,T,DK,2018,1.0
963512,EXP,TEXT_NTL,TN,T,ES,2018,17.0
963513,EXP,TEXT_NTL,TN,T,EU27_2020,2018,2539.0
963514,EXP,TEXT_NTL,TN,T,FR,2018,2231.0
963515,EXP,TEXT_NTL,TN,T,IT,2018,180.0
963516,EXP,TEXT_NTL,TN,T,NL,2018,0.0
963517,EXP,TEXT_NTL,TN,T,SE,2018,0.0
966696,EXP,TEXT_SYN,TN,T,AT,2018,236.0
966697,EXP,TEXT_SYN,TN,T,BE,2018,1239.0
966698,EXP,TEXT_SYN,TN,T,BG,2018,25.0
966699,EXP,TEXT_SYN,TN,T,DE,2018,19846.0
966700,EXP,TEXT_SYN,TN,T,ES,2018,210.0
966701,EXP,TEXT_SYN,TN,T,EU27_2020,2018,97714.0
966702,EXP,TEXT_SYN,TN,T,FR,2018,25124.0
966703,EXP,TEXT_SYN,TN,T,HR,2018,28.0
966704,EXP,TEXT_SYN,TN,T,HU,2018,57.0
966705,EXP,TEXT_SYN,TN,T,IT,2018,46857.0
966706,EXP,TEXT_SYN,TN,T,MT,2018,448.0
966707,EXP,TEXT_SYN,TN,T,PL,2018,348.0
966708,EXP,TEXT_SYN,TN,T,PT,2018,1661.0
966709,EXP,TEXT_SYN,TN,T,SE,2018,124.0
966710,EXP,TEXT_SYN,TN,T,SI,2018,1512.0
971274,EXP,TOTAL,TN,T,AT,2018,252.0
971275,EXP,TOTAL,TN,T,BE,2018,1495.0
971276,EXP,TOTAL,TN,T,BG,2018,25.0
971277,EXP,TOTAL,TN,T,DE,2018,22663.0
971278,EXP,TOTAL,TN,T,DK,2018,141.0
971279,EXP,TOTAL,TN,T,EE,2018,4.0
971280,EXP,TOTAL,TN,T,ES,2018,23004.0
971281,EXP,TOTAL,TN,T,EU27_2020,2018,129221.0
971282,EXP,TOTAL,TN,T,FI,2018,0.0
971283,EXP,TOTAL,TN,T,FR,2018,29199.0
971284,EXP,TOTAL,TN,T,HR,2018,28.0
971285,EXP,TOTAL,TN,T,HU,2018,57.0
971286,EXP,TOTAL,TN,T,IT,2018,48135.0
971287,EXP,TOTAL,TN,T,MT,2018,448.0
971288,EXP,TOTAL,TN,T,NL,2018,7.0
971289,EXP,TOTAL,TN,T,PL,2018,348.0
971290,EXP,TOTAL,TN,T,PT,2018,1781.0
971291,EXP,TOTAL,TN,T,SE,2018,124.0
971292,EXP,TOTAL,TN,T,SI,2018,1512.0
972850,EXP,WD,TN,T,EU27_2020,2018,8.0
972851,EXP,WD,TN,T,FR,2018,8.0
1002458,EXP,GLAS,TN,T,EU27_2020,2012,4087.0
1002459,EXP,GLAS,TN,T,FI,2012,22.0
1002460,EXP,GLAS,TN,T,FR,2012,0.0
1002461,EXP,GLAS,TN,T,IE,2012,2850.0
1002462,EXP,GLAS,TN,T,IT,2012,1214.0
1003192,EXP,MIN,TN,T,DE,2012,10.0
1003193,EXP,MIN,TN,T,EU27_2020,2012,201.0
1003194,EXP,MIN,TN,T,FR,2012,175.0
1003195,EXP,MIN,TN,T,NL,2012,16.0
1004846,EXP,MT,TN,T,BE,2012,0.0
1004847,EXP,MT,TN,T,DE,2012,0.0
1004848,EXP,MT,TN,T,ES,2012,1.0
1004849,EXP,MT,TN,T,EU27_2020,2012,420.0
1004850,EXP,MT,TN,T,FR,2012,233.0
1004851,EXP,MT,TN,T,IT,2012,165.0
1004852,EXP,MT,TN,T,NL,2012,15.0
1004853,EXP,MT,TN,T,PT,2012,6.0
1004854,EXP,MT,TN,T,SE,2012,0.0
1006172,EXP,MT_FER,TN,T,EU27_2020,2012,159.0
1006173,EXP,MT_FER,TN,T,IT,2012,153.0
1006174,EXP,MT_FER,TN,T,PT,2012,6.0
1007702,EXP,MT_NFER,TN,T,BE,2012,0.0
1007703,EXP,MT_NFER,TN,T,DE,2012,0.0
1007704,EXP,MT_NFER,TN,T,ES,2012,1.0
1007705,EXP,MT_NFER,TN,T,EU27_2020,2012,261.0
1007706,EXP,MT_NFER,TN,T,FR,2012,233.0
1007707,EXP,MT_NFER,TN,T,IT,2012,12.0
1007708,EXP,MT_NFER,TN,T,NL,2012,15.0
1007709,EXP,MT_NFER,TN,T,SE,2012,0.0
1008810,EXP,MT_NFER_CAN,TN,T,BE,2012,0.0
1008811,EXP,MT_NFER_CAN,TN,T,EU27_2020,2012,10.0
1008812,EXP,MT_NFER_CAN,TN,T,FR,2012,9.0
1008813,EXP,MT_NFER_CAN,TN,T,IT,2012,0.0
1009962,EXP,MT_NFER_OTH,TN,T,DE,2012,0.0
1009963,EXP,MT_NFER_OTH,TN,T,ES,2012,1.0
1009964,EXP,MT_NFER_OTH,TN,T,EU27_2020,2012,251.0
1009965,EXP,MT_NFER_OTH,TN,T,FR,2012,224.0
1009966,EXP,MT_NFER_OTH,TN,T,IT,2012,11.0
1009967,EXP,MT_NFER_OTH,TN,T,NL,2012,15.0
1009968,EXP,MT_NFER_OTH,TN,T,SE,2012,0.0
1011450,EXP,NSP,TN,T,BE,2012,0.0
1011451,EXP,NSP,TN,T,ES,2012,3.0
1011452,EXP,NSP,TN,T,EU27_2020,2012,103.0
1011453,EXP,NSP,TN,T,FR,2012,99.0
1012302,EXP,ORG,TN,T,EL,2012,7.0
1012303,EXP,ORG,TN,T,ES,2012,19.0
1012304,EXP,ORG,TN,T,EU27_2020,2012,27.0
1012305,EXP,ORG,TN,T,FR,2012,1.0
1012306,EXP,ORG,TN,T,IT,2012,0.0
1012838,EXP,ORG_ANI,TN,T,EU27_2020,2012,0.0
1012839,EXP,ORG_ANI,TN,T,FR,2012,0.0
1013506,EXP,ORG_VEG,TN,T,EL,2012,7.0
1013507,EXP,ORG_VEG,TN,T,ES,2012,19.0
1013508,EXP,ORG_VEG,TN,T,EU27_2020,2012,27.0
1013509,EXP,ORG_VEG,TN,T,FR,2012,0.0
1013510,EXP,ORG_VEG,TN,T,IT,2012,0.0
1014750,EXP,PAPER,TN,T,ES,2012,154.0
1014751,EXP,PAPER,TN,T,EU27_2020,2012,427.0
1014752,EXP,PAPER,TN,T,FI,2012,121.0
1014753,EXP,PAPER,TN,T,IT,2012,152.0
1016064,EXP,PLAST,TN,T,BE,2012,31.0
1016065,EXP,PLAST,TN,T,DE,2012,7.0
1016066,EXP,PLAST,TN,T,ES,2012,30.0
1016067,EXP,PLAST,TN,T,EU27_2020,2012,243.0
1016068,EXP,PLAST,TN,T,FR,2012,81.0
1016069,EXP,PLAST,TN,T,IT,2012,94.0
1018562,EXP,PLAST_RUB,TN,T,BE,2012,31.0
1018563,EXP,PLAST_RUB,TN,T,DE,2012,87.0
1018564,EXP,PLAST_RUB,TN,T,EL,2012,72.0
1018565,EXP,PLAST_RUB,TN,T,ES,2012,30.0
1018566,EXP,PLAST_RUB,TN,T,EU27_2020,2012,2170.0
1018567,EXP,PLAST_RUB,TN,T,FR,2012,1011.0
1018568,EXP,PLAST_RUB,TN,T,IE,2012,0.0
1018569,EXP,PLAST_RUB,TN,T,IT,2012,939.0
1020800,EXP,RUB,TN,T,DE,2012,80.0
1020801,EXP,RUB,TN,T,EL,2012,72.0
1020802,EXP,RUB,TN,T,EU27_2020,2012,1928.0
1020803,EXP,RUB,TN,T,FR,2012,931.0
1020804,EXP,RUB,TN,T,IE,2012,0.0
1020805,EXP,RUB,TN,T,IT,2012,845.0
1024234,EXP,TEXT,TN,T,AT,2012,1012.0
1024235,EXP,TEXT,TN,T,BE,2012,5290.0
1024236,EXP,TEXT,TN,T,BG,2012,67.0
1024237,EXP,TEXT,TN,T,DE,2012,8492.0
1024238,EXP,TEXT,TN,T,ES,2012,491.0
1024239,EXP,TEXT,TN,T,EU27_2020,2012,88040.0
1024240,EXP,TEXT,TN,T,FR,2012,11656.0
1024241,EXP,TEXT,TN,T,HU,2012,98.0
1024242,EXP,TEXT,TN,T,IE,2012,0.0
1024243,EXP,TEXT,TN,T,IT,2012,53330.0
1024244,EXP,TEXT,TN,T,LT,2012,17.0
1024245,EXP,TEXT,TN,T,NL,2012,4369.0
1024246,EXP,TEXT,TN,T,PL,2012,34.0
1024247,EXP,TEXT,TN,T,PT,2012,2727.0
1024248,EXP,TEXT,TN,T,SE,2012,49.0
1024249,EXP,TEXT,TN,T,SI,2012,407.0
1026104,EXP,TEXT_NTL,TN,T,DE,2012,128.0
1026105,EXP,TEXT_NTL,TN,T,ES,2012,29.0
1026106,EXP,TEXT_NTL,TN,T,EU27_2020,2012,7778.0
1026107,EXP,TEXT_NTL,TN,T,FR,2012,3843.0
1026108,EXP,TEXT_NTL,TN,T,IT,2012,429.0
1026109,EXP,TEXT_NTL,TN,T,NL,2012,3269.0
1026110,EXP,TEXT_NTL,TN,T,PT,2012,79.0
1029214,EXP,TEXT_SYN,TN,T,AT,2012,1012.0
1029215,EXP,TEXT_SYN,TN,T,BE,2012,5290.0
1029216,EXP,TEXT_SYN,TN,T,BG,2012,67.0
1029217,EXP,TEXT_SYN,TN,T,DE,2012,8364.0
1029218,EXP,TEXT_SYN,TN,T,ES,2012,462.0
1029219,EXP,TEXT_SYN,TN,T,EU27_2020,2012,80263.0
1029220,EXP,TEXT_SYN,TN,T,FR,2012,7813.0
1029221,EXP,TEXT_SYN,TN,T,HU,2012,98.0
1029222,EXP,TEXT_SYN,TN,T,IE,2012,0.0
1029223,EXP,TEXT_SYN,TN,T,IT,2012,52901.0
1029224,EXP,TEXT_SYN,TN,T,LT,2012,17.0
1029225,EXP,TEXT_SYN,TN,T,NL,2012,1100.0
1029226,EXP,TEXT_SYN,TN,T,PL,2012,34.0
1029227,EXP,TEXT_SYN,TN,T,PT,2012,2648.0
1029228,EXP,TEXT_SYN,TN,T,SE,2012,49.0
1029229,EXP,TEXT_SYN,TN,T,SI,2012,407.0
1033638,EXP,TOTAL,TN,T,AT,2012,1012.0
1033639,EXP,TOTAL,TN,T,BE,2012,5322.0
1033640,EXP,TOTAL,TN,T,BG,2012,67.0
1033641,EXP,TOTAL,TN,T,DE,2012,8589.0
1033642,EXP,TOTAL,TN,T,EL,2012,80.0
1033643,EXP,TOTAL,TN,T,ES,2012,698.0
1033644,EXP,TOTAL,TN,T,EU27_2020,2012,95481.0
1033645,EXP,TOTAL,TN,T,FI,2012,144.0
1033646,EXP,TOTAL,TN,T,FR,2012,13183.0
1033647,EXP,TOTAL,TN,T,HU,2012,98.0
1033648,EXP,TOTAL,TN,T,IE,2012,2850.0
1033649,EXP,TOTAL,TN,T,IT,2012,55800.0
1033650,EXP,TOTAL,TN,T,LT,2012,17.0
1033651,EXP,TOTAL,TN,T,NL,2012,4400.0
1033652,EXP,TOTAL,TN,T,PL,2012,34.0
1033653,EXP,TOTAL,TN,T,PT,2012,2733.0
1033654,EXP,TOTAL,TN,T,SE,2012,49.0
1033655,EXP,TOTAL,TN,T,SI,2012,407.0
1035110,EXP,WD,TN,T,EU27_2020,2012,7.0
1035111,EXP,WD,TN,T,FR,2012,7.0
